met,altitude_km,velocity_ms,dynamic_pressure_kpa,thrust_kn,pitch_deg,booster_active,booster_alt_km,booster_vel_ms,booster_thrust_kn
0.0,0.24,0.0,0.0,0.0,90.0,0,0.0,0.0,0.0
0.0,0.24,0.0,0.0,0.0,90.0,0,0.0,0.0,0.0
0.0,0.24,0.0,0.0,0.0,90.0,0,0.0,0.0,0.0
0.0,0.24,0.0,0.0,0.0,90.0,0,0.0,0.0,0.0
0.0,0.24,0.0,0.0,0.0,90.0,0,0.0,0.0,0.0
0.0,0.24,0.0,0.0,0.0,90.0,0,0.0,0.0,0.0
0.0,0.24,0.0,0.0,0.0,90.0,0,0.0,0.0,0.0
0.0,0.24,0.0,0.0,0.0,90.0,0,0.0,0.0,0.0
0.0,0.24,0.0,0.0,0.0,90.0,0,0.0,0.0,0.0
0.0,0.24,0.0,0.0,0.0,90.0,0,0.0,0.0,0.0
0.0,0.24,0.0,0.0,0.0,90.0,0,0.0,0.0,0.0
0.0,0.24,0.0,0.0,0.0,90.0,0,0.0,0.0,0.0
0.0,0.24,0.0,0.0,0.1,90.0,0,0.0,0.0,0.0
0.0,0.24,0.0,0.0,0.1,90.0,0,0.0,0.0,0.0
0.0,0.24,0.0,0.0,0.1,90.0,0,0.0,0.0,0.0
0.0,0.24,0.0,0.0,0.1,90.0,0,0.0,0.0,0.0
0.0,0.24,0.0,0.0,0.1,90.0,0,0.0,0.0,0.0
0.0,0.24,0.0,0.0,0.1,90.0,0,0.0,0.0,0.0
0.0,0.24,0.0,0.0,0.1,90.0,0,0.0,0.0,0.0
0.0,0.24,0.0,0.0,0.1,90.0,0,0.0,0.0,0.0
0.0,0.24,0.0,0.0,0.1,90.0,0,0.0,0.0,0.0
0.0,0.24,0.0,0.0,0.2,90.0,0,0.0,0.0,0.0
0.0,0.24,0.0,0.0,0.2,90.0,0,0.0,0.0,0.0
0.0,0.24,0.0,0.0,0.2,90.0,0,0.0,0.0,0.0
0.0,0.24,0.0,0.0,0.2,90.0,0,0.0,0.0,0.0
0.0,0.24,0.0,0.0,0.3,90.0,0,0.0,0.0,0.0
0.0,0.24,0.0,0.0,0.3,90.0,0,0.0,0.0,0.0
0.0,0.24,0.0,0.0,0.3,90.0,0,0.0,0.0,0.0
0.0,0.24,0.0,0.0,0.4,90.0,0,0.0,0.0,0.0
0.0,0.24,0.0,0.0,0.4,90.0,0,0.0,0.0,0.0
0.0,0.24,0.0,0.0,0.5,90.0,0,0.0,0.0,0.0
0.0,0.24,0.0,0.0,0.5,90.0,0,0.0,0.0,0.0
0.0,0.24,0.0,0.0,0.6,90.0,0,0.0,0.0,0.0
0.0,0.24,0.0,0.0,0.7,90.0,0,0.0,0.0,0.0
0.0,0.24,0.0,0.0,0.7,90.0,0,0.0,0.0,0.0
0.0,0.24,0.0,0.0,0.8,90.0,0,0.0,0.0,0.0
0.0,0.24,0.0,0.0,0.9,90.0,0,0.0,0.0,0.0
0.0,0.24,0.0,0.0,1.0,90.0,0,0.0,0.0,0.0
0.0,0.24,0.0,0.0,1.1,90.0,0,0.0,0.0,0.0
0.0,0.24,0.0,0.0,1.3,90.0,0,0.0,0.0,0.0
0.0,0.24,0.0,0.0,1.4,90.0,0,0.0,0.0,0.0
0.0,0.24,0.0,0.0,16.7,90.0,0,0.0,0.0,0.0
0.0,0.24,0.0,0.0,31.6,90.0,0,0.0,0.0,0.0
0.0,0.24,0.0,0.0,46.8,90.0,0,0.0,0.0,0.0
0.0,0.24,0.0,0.0,80.5,90.0,0,0.0,0.0,0.0
0.0,0.24,0.0,0.0,103.6,90.0,0,0.0,0.0,0.0
0.0,0.24,0.0,0.0,125.4,90.0,0,0.0,0.0,0.0
0.0,0.24,0.0,0.0,154.2,90.0,0,0.0,0.0,0.0
0.0,0.24,0.0,0.0,176.6,89.98,0,0.0,0.0,0.0
0.0,0.24,0.0,0.0,194.3,90.0,0,0.0,0.0,0.0
0.0,0.24,0.0,0.0,203.4,90.0,0,0.0,0.0,0.0
0.0,0.24,0.0,0.0,214.2,90.0,0,0.0,0.0,0.0
0.0,0.24,0.0,0.0,219.5,90.0,0,0.0,0.0,0.0
0.0,0.24,0.0,0.0,223.9,89.98,0,0.0,0.0,0.0
0.0,0.24,0.0,0.0,228.3,90.0,0,0.0,0.0,0.0
0.0,0.24,0.0,0.0,230.9,90.0,0,0.0,0.0,0.0
0.0,0.24,0.0,0.0,233.6,90.0,0,0.0,0.0,0.0
0.0,0.24,0.0,0.0,234.7,90.0,0,0.0,0.0,0.0
0.0,0.24,0.0,0.0,236.4,90.0,0,0.0,0.0,0.0
0.0,0.24,0.0,0.0,237.7,90.0,0,0.0,0.0,0.0
0.0,0.24,0.0,0.0,238.3,90.0,0,0.0,0.0,0.0
0.0,0.24,0.0,0.0,239.2,90.0,0,0.0,0.0,0.0
0.0,0.24,0.0,0.0,239.4,90.0,0,0.0,0.0,0.0
0.0,0.24,0.0,0.0,239.8,90.0,0,0.0,0.0,0.0
0.0,0.24,0.0,0.0,240.1,90.0,0,0.0,0.0,0.0
0.0,0.24,0.0,0.0,240.8,90.0,0,0.0,0.0,0.0
0.0,0.24,0.0,0.0,239.9,90.0,0,0.0,0.0,0.0
0.0,0.24,0.0,0.0,239.8,90.0,0,0.0,0.0,0.0
0.0,0.24,0.0,0.0,240.8,90.0,0,0.0,0.0,0.0
0.0,0.24,0.0,0.0,240.7,90.0,0,0.0,0.0,0.0
0.0,0.24,0.0,0.0,240.6,90.0,0,0.0,0.0,0.0
0.0,0.241,0.0,0.0,240.4,89.98,0,0.0,0.0,0.0
0.0,0.241,0.69,0.0,240.1,90.0,0,0.0,0.0,0.0
0.0,0.241,1.03,0.0,239.7,90.0,0,0.0,0.0,0.0
0.0,0.241,1.55,0.0,240.5,90.0,0,0.0,0.0,0.0
0.0,0.241,1.9,0.0,240.8,90.0,0,0.0,0.0,0.0
0.0,0.241,2.42,0.0,240.7,90.0,0,0.0,0.0,0.0
0.04,0.241,2.94,0.0,240.0,90.0,0,0.0,0.0,0.0
0.08,0.242,3.28,0.0,240.2,90.0,0,0.0,0.0,0.0
0.14,0.242,3.8,0.0,240.4,90.0,0,0.0,0.0,0.0
0.18,0.242,4.15,0.01,239.9,89.97,0,0.0,0.0,0.0
0.24,0.242,4.67,0.01,240.1,90.0,0,0.0,0.0,0.0
0.28,0.242,5.02,0.01,240.0,90.0,0,0.0,0.0,0.0
0.34,0.243,5.54,0.01,240.8,90.0,0,0.0,0.0,0.0
0.38,0.243,5.89,0.02,239.9,90.0,0,0.0,0.0,0.0
0.44,0.243,6.42,0.02,240.4,90.0,0,0.0,0.0,0.0
0.48,0.244,6.77,0.02,240.3,90.0,0,0.0,0.0,0.0
0.54,0.244,7.29,0.03,240.2,90.0,0,0.0,0.0,0.0
0.6,0.245,7.81,0.03,240.2,90.0,0,0.0,0.0,0.0
0.64,0.245,8.16,0.03,240.3,90.0,0,0.0,0.0,0.0
0.68,0.245,8.52,0.04,240.7,89.97,0,0.0,0.0,0.0
0.74,0.246,9.04,0.04,240.4,90.0,0,0.0,0.0,0.0
0.78,0.246,9.39,0.05,239.9,90.0,0,0.0,0.0,0.0
0.84,0.247,9.92,0.05,240.0,90.0,0,0.0,0.0,0.0
0.9,0.247,10.45,0.06,240.6,90.0,0,0.0,0.0,0.0
0.9,0.247,10.45,0.06,240.6,90.0,0,0.0,0.0,0.0
0.96,0.248,10.98,0.06,240.5,89.97,0,0.0,0.0,0.0
1.02,0.249,11.51,0.07,241.0,89.98,0,0.0,0.0,0.0
1.06,0.249,11.87,0.08,240.6,90.0,0,0.0,0.0,0.0
1.12,0.25,12.4,0.08,240.2,89.98,0,0.0,0.0,0.0
1.16,0.25,12.75,0.09,240.3,89.97,0,0.0,0.0,0.0
1.22,0.251,13.29,0.1,241.1,89.98,0,0.0,0.0,0.0
1.26,0.252,13.64,0.1,240.5,89.97,0,0.0,0.0,0.0
1.32,0.253,14.18,0.11,240.7,89.96,0,0.0,0.0,0.0
1.38,0.253,14.71,0.12,241.0,90.0,0,0.0,0.0,0.0
1.42,0.254,15.07,0.13,240.6,89.98,0,0.0,0.0,0.0
1.48,0.255,15.6,0.14,240.3,89.97,0,0.0,0.0,0.0
1.52,0.256,15.96,0.15,240.4,89.96,0,0.0,0.0,0.0
1.56,0.256,16.32,0.15,240.4,89.96,0,0.0,0.0,0.0
1.62,0.257,16.85,0.16,240.9,89.96,0,0.0,0.0,0.0
1.66,0.258,17.21,0.17,240.6,89.96,0,0.0,0.0,0.0
1.72,0.259,17.75,0.18,240.4,89.96,0,0.0,0.0,0.0
1.78,0.26,18.29,0.19,240.4,89.95,0,0.0,0.0,0.0
1.8,0.261,18.65,0.2,240.8,89.94,0,0.0,0.0,0.0
1.84,0.261,18.83,0.21,240.4,89.95,0,0.0,0.0,0.0
1.84,0.261,18.83,0.21,240.4,89.95,0,0.0,0.0,0.0
1.9,0.262,19.37,0.22,240.6,89.95,0,0.0,0.0,0.0
1.96,0.263,19.91,0.23,240.3,89.95,0,0.0,0.0,0.0
1.98,0.264,20.09,0.24,239.8,89.94,0,0.0,0.0,0.0
2.06,0.266,20.81,0.26,240.1,89.94,0,0.0,0.0,0.0
2.1,0.266,21.17,0.26,240.2,89.94,0,0.0,0.0,0.0
2.16,0.268,21.71,0.28,240.3,89.93,0,0.0,0.0,0.0
2.22,0.269,22.25,0.29,240.5,89.93,0,0.0,0.0,0.0
2.26,0.27,22.61,0.3,240.6,89.92,0,0.0,0.0,0.0
2.32,0.271,23.16,0.32,239.9,89.92,0,0.0,0.0,0.0
2.34,0.272,23.52,0.33,240.3,89.92,0,0.0,0.0,0.0
2.4,0.273,23.88,0.34,240.6,89.92,0,0.0,0.0,0.0
2.46,0.275,24.43,0.36,240.2,89.92,0,0.0,0.0,0.0
2.52,0.276,24.97,0.37,240.8,89.92,0,0.0,0.0,0.0
2.54,0.277,25.16,0.38,239.9,89.91,0,0.0,0.0,0.0
2.6,0.278,25.7,0.4,240.5,89.9,0,0.0,0.0,0.0
2.66,0.28,26.25,0.41,240.6,89.91,0,0.0,0.0,0.0
2.72,0.281,26.8,0.43,239.9,89.9,0,0.0,0.0,0.0
2.74,0.282,27.16,0.45,239.9,89.9,0,0.0,0.0,0.0
2.8,0.283,27.53,0.46,240.0,89.89,0,0.0,0.0,0.0
2.86,0.285,28.07,0.48,240.1,89.89,0,0.0,0.0,0.0
2.9,0.286,28.44,0.49,240.4,89.89,0,0.0,0.0,0.0
2.96,0.288,28.99,0.51,240.3,89.88,0,0.0,0.0,0.0
3.02,0.29,29.54,0.53,240.0,89.88,0,0.0,0.0,0.0
3.08,0.292,30.09,0.55,240.7,89.87,0,0.0,0.0,0.0
3.12,0.293,30.46,0.56,240.5,89.87,0,0.0,0.0,0.0
3.18,0.295,31.02,0.59,240.9,89.86,0,0.0,0.0,0.0
3.22,0.296,31.39,0.6,240.5,89.86,0,0.0,0.0,0.0
3.28,0.298,31.94,0.62,240.8,89.86,0,0.0,0.0,0.0
3.34,0.3,32.5,0.65,240.9,89.86,0,0.0,0.0,0.0
3.38,0.301,32.87,0.66,240.2,89.85,0,0.0,0.0,0.0
3.4,0.302,33.24,0.68,241.1,89.85,0,0.0,0.0,0.0
3.46,0.304,33.61,0.69,240.5,89.85,0,0.0,0.0,0.0
3.52,0.306,34.17,0.72,240.6,89.84,0,0.0,0.0,0.0
3.56,0.307,34.54,0.73,241.3,89.84,0,0.0,0.0,0.0
3.62,0.309,35.1,0.76,240.9,89.83,0,0.0,0.0,0.0
3.68,0.311,35.66,0.78,240.5,89.83,0,0.0,0.0,0.0
3.72,0.313,36.03,0.8,240.2,89.82,0,0.0,0.0,0.0
3.78,0.315,36.59,0.82,240.8,89.82,0,0.0,0.0,0.0
3.82,0.316,36.97,0.84,241.1,89.81,0,0.0,0.0,0.0
3.88,0.319,37.53,0.87,240.5,89.81,0,0.0,0.0,0.0
3.94,0.321,38.09,0.89,240.8,89.8,0,0.0,0.0,0.0
3.98,0.322,38.47,0.91,241.0,89.8,0,0.0,0.0,0.0
4.02,0.324,38.85,0.93,241.0,89.79,0,0.0,0.0,0.0
4.08,0.326,39.41,0.96,240.9,89.79,0,0.0,0.0,0.0
4.14,0.329,39.98,0.99,241.0,89.78,0,0.0,0.0,0.0
4.16,0.33,40.17,1.0,241.1,89.78,0,0.0,0.0,0.0
4.24,0.333,40.92,1.03,241.2,89.77,0,0.0,0.0,0.0
4.28,0.334,41.3,1.05,240.6,89.77,0,0.0,0.0,0.0
4.32,0.336,41.68,1.07,241.4,89.76,0,0.0,0.0,0.0
4.38,0.339,42.25,1.1,241.4,89.76,0,0.0,0.0,0.0
4.44,0.341,42.82,1.13,241.3,89.75,0,0.0,0.0,0.0
4.48,0.343,43.2,1.15,241.0,89.74,0,0.0,0.0,0.0
4.54,0.346,43.77,1.19,241.0,89.74,0,0.0,0.0,0.0
4.6,0.348,44.35,1.22,241.0,89.73,0,0.0,0.0,0.0
4.62,0.35,44.73,1.24,240.9,89.72,0,0.0,0.0,0.0
4.7,0.353,45.3,1.27,240.9,89.71,0,0.0,0.0,0.0
4.72,0.355,45.68,1.29,241.1,89.71,0,0.0,0.0,0.0
4.78,0.356,46.07,1.31,241.5,89.71,0,0.0,0.0,0.0
4.84,0.359,46.64,1.35,241.6,89.7,0,0.0,0.0,0.0
4.9,0.362,47.22,1.38,241.6,89.69,0,0.0,0.0,0.0
4.92,0.364,47.6,1.4,241.5,89.68,0,0.0,0.0,0.0
4.98,0.366,47.99,1.43,241.0,89.68,0,0.0,0.0,0.0
5.04,0.369,48.56,1.46,241.0,89.67,0,0.0,0.0,0.0
5.08,0.371,48.95,1.49,241.1,89.66,0,0.0,0.0,0.0
5.14,0.374,49.52,1.52,240.7,89.65,0,0.0,0.0,0.0
5.2,0.377,50.1,1.56,241.5,89.64,0,0.0,0.0,0.0
5.26,0.38,50.68,1.59,241.3,89.63,0,0.0,0.0,0.0
5.28,0.381,50.88,1.61,240.9,89.63,0,0.0,0.0,0.0
5.34,0.384,51.46,1.64,241.2,89.62,0,0.0,0.0,0.0
5.4,0.387,52.04,1.68,241.3,89.61,0,0.0,0.0,0.0
5.46,0.39,52.62,1.72,241.0,89.6,0,0.0,0.0,0.0
5.5,0.392,53.01,1.74,241.6,89.59,0,0.0,0.0,0.0
5.56,0.395,53.59,1.78,241.5,89.58,0,0.0,0.0,0.0
5.58,0.397,53.98,1.81,241.2,89.57,0,0.0,0.0,0.0
5.64,0.4,54.37,1.83,241.2,89.57,0,0.0,0.0,0.0
5.7,0.403,54.96,1.87,241.3,89.56,0,0.0,0.0,0.0
5.74,0.405,55.35,1.9,241.5,89.55,0,0.0,0.0,0.0
5.8,0.408,55.94,1.94,241.6,89.54,0,0.0,0.0,0.0
5.86,0.412,56.52,1.98,241.1,89.53,0,0.0,0.0,0.0
5.9,0.414,56.91,2.01,241.1,89.52,0,0.0,0.0,0.0
5.96,0.418,57.5,2.05,241.7,89.51,0,0.0,0.0,0.0
6.0,0.42,57.89,2.08,241.2,89.5,0,0.0,0.0,0.0
6.06,0.423,58.48,2.12,240.7,89.48,0,0.0,0.0,0.0
6.08,0.426,58.87,2.15,241.2,89.48,0,0.0,0.0,0.0
6.14,0.428,59.27,2.18,241.7,89.47,0,0.0,0.0,0.0
6.2,0.432,59.86,2.22,241.3,89.46,0,0.0,0.0,0.0
6.26,0.435,60.45,2.27,241.1,89.44,0,0.0,0.0,0.0
6.3,0.438,60.85,2.3,241.6,89.43,0,0.0,0.0,0.0
6.36,0.441,61.44,2.34,241.1,89.42,0,0.0,0.0,0.0
6.4,0.444,61.83,2.37,241.1,89.41,0,0.0,0.0,0.0
6.46,0.448,62.43,2.42,241.1,89.4,0,0.0,0.0,0.0
6.5,0.45,62.82,2.45,241.1,89.39,0,0.0,0.0,0.0
6.56,0.454,63.42,2.49,241.4,89.38,0,0.0,0.0,0.0
6.62,0.458,64.01,2.54,241.9,89.36,0,0.0,0.0,0.0
6.66,0.46,64.41,2.57,242.1,89.35,0,0.0,0.0,0.0
6.72,0.464,65.01,2.62,241.5,89.34,0,0.0,0.0,0.0
6.76,0.467,65.41,2.65,241.6,89.33,0,0.0,0.0,0.0
6.82,0.471,66.01,2.7,241.0,89.32,0,0.0,0.0,0.0
6.86,0.473,66.41,2.73,241.6,89.31,0,0.0,0.0,0.0
6.92,0.477,67.01,2.78,241.8,89.29,0,0.0,0.0,0.0
6.96,0.48,67.41,2.81,241.4,89.28,0,0.0,0.0,0.0
7.02,0.484,68.01,2.86,241.7,89.27,0,0.0,0.0,0.0
7.04,0.487,68.41,2.9,241.5,89.26,0,0.0,0.0,0.0
7.12,0.491,69.01,2.95,241.5,89.24,0,0.0,0.0,0.0
7.14,0.492,69.22,2.96,242.1,89.24,0,0.0,0.0,0.0
7.2,0.497,69.82,3.02,241.7,89.22,0,0.0,0.0,0.0
7.26,0.501,70.42,3.07,241.2,89.21,0,0.0,0.0,0.0
7.3,0.504,70.83,3.1,241.7,89.2,0,0.0,0.0,0.0
7.36,0.508,71.43,3.15,242.1,89.18,0,0.0,0.0,0.0
7.42,0.512,72.04,3.21,242.0,89.17,0,0.0,0.0,0.0
7.44,0.514,72.24,3.23,242.2,89.16,0,0.0,0.0,0.0
7.52,0.519,73.06,3.3,242.1,89.14,0,0.0,0.0,0.0
7.56,0.522,73.46,3.33,241.8,89.13,0,0.0,0.0,0.0
7.62,0.527,74.07,3.39,241.5,89.12,0,0.0,0.0,0.0
7.64,0.528,74.27,3.41,242.0,89.12,0,0.0,0.0,0.0
7.72,0.534,75.09,3.48,242.3,89.1,0,0.0,0.0,0.0
7.76,0.537,75.5,3.52,241.5,89.09,0,0.0,0.0,0.0
7.8,0.54,75.9,3.55,241.9,89.08,0,0.0,0.0,0.0
7.86,0.545,76.52,3.61,242.0,89.06,0,0.0,0.0,0.0
7.92,0.55,77.13,3.67,242.0,89.05,0,0.0,0.0,0.0
7.96,0.553,77.54,3.71,241.9,89.04,0,0.0,0.0,0.0
8.02,0.557,78.15,3.76,241.5,89.02,0,0.0,0.0,0.0
8.06,0.56,78.56,3.8,242.3,89.01,0,0.0,0.0,0.0
8.12,0.565,79.17,3.86,241.6,89.0,0,0.0,0.0,0.0
8.16,0.568,79.59,3.9,242.0,88.99,0,0.0,0.0,0.0
8.22,0.573,80.2,3.96,241.3,88.98,0,0.0,0.0,0.0
8.24,0.575,80.41,3.98,242.1,88.97,0,0.0,0.0,0.0
8.32,0.581,81.23,4.06,241.4,88.95,0,0.0,0.0,0.0
8.34,0.583,81.44,4.08,242.4,88.95,0,0.0,0.0,0.0
8.42,0.589,82.26,4.16,242.2,88.93,0,0.0,0.0,0.0
8.46,0.593,82.68,4.2,241.7,88.92,0,0.0,0.0,0.0
8.5,0.596,83.09,4.24,241.7,88.92,0,0.0,0.0,0.0
8.56,0.601,83.71,4.3,242.4,88.9,0,0.0,0.0,0.0
8.62,0.606,84.33,4.36,241.4,88.89,0,0.0,0.0,0.0
8.64,0.608,84.54,4.39,241.5,88.89,0,0.0,0.0,0.0
8.72,0.615,85.37,4.47,241.8,88.87,0,0.0,0.0,0.0
8.76,0.618,85.79,4.51,241.6,88.86,0,0.0,0.0,0.0
8.8,0.621,86.2,4.55,241.9,88.85,0,0.0,0.0,0.0
8.86,0.627,86.83,4.62,241.8,88.84,0,0.0,0.0,0.0
8.92,0.632,87.45,4.68,242.6,88.83,0,0.0,0.0,0.0
8.96,0.635,87.87,4.73,242.0,88.82,0,0.0,0.0,0.0
9.0,0.639,88.29,4.77,242.0,88.81,0,0.0,0.0,0.0
9.06,0.644,88.92,4.83,242.4,88.8,0,0.0,0.0,0.0
9.06,0.644,88.92,4.83,242.4,88.8,0,0.0,0.0,0.0
9.12,0.65,89.55,4.9,242.6,88.79,0,0.0,0.0,0.0
9.16,0.653,89.97,4.95,242.1,88.78,0,0.0,0.0,0.0
9.22,0.659,90.6,5.01,242.5,88.77,0,0.0,0.0,0.0
9.28,0.664,91.23,5.08,243.0,88.76,0,0.0,0.0,0.0
9.32,0.668,91.65,5.12,242.6,88.75,0,0.0,0.0,0.0
9.38,0.673,92.28,5.19,242.5,88.74,0,0.0,0.0,0.0
9.42,0.677,92.71,5.24,242.7,88.74,0,0.0,0.0,0.0
9.48,0.683,93.34,5.31,242.1,88.73,0,0.0,0.0,0.0
9.54,0.688,93.98,5.38,243.1,88.72,0,0.0,0.0,0.0
9.58,0.692,94.4,5.42,243.0,88.71,0,0.0,0.0,0.0
9.64,0.698,95.04,5.49,242.6,88.7,0,0.0,0.0,0.0
9.68,0.701,95.46,5.54,242.4,88.69,0,0.0,0.0,0.0
9.74,0.707,96.1,5.61,242.8,88.68,0,0.0,0.0,0.0
9.78,0.711,96.53,5.66,242.6,88.68,0,0.0,0.0,0.0
9.84,0.717,97.16,5.73,242.4,88.67,0,0.0,0.0,0.0
9.86,0.721,97.59,5.78,242.8,88.66,0,0.0,0.0,0.0
9.94,0.727,98.23,5.85,242.8,88.65,0,0.0,0.0,0.0
9.96,0.731,98.66,5.9,243.3,88.65,0,0.0,0.0,0.0
10.04,0.737,99.31,5.98,243.6,88.64,0,0.0,0.0,0.0
10.06,0.741,99.74,6.03,243.2,88.63,0,0.0,0.0,0.0
10.12,0.745,100.17,6.07,243.2,88.63,0,0.0,0.0,0.0
10.18,0.751,100.81,6.15,242.7,88.62,0,0.0,0.0,0.0
10.22,0.755,101.24,6.2,243.5,88.61,0,0.0,0.0,0.0
10.28,0.761,101.89,6.28,243.0,88.6,0,0.0,0.0,0.0
10.32,0.765,102.32,6.33,243.5,88.6,0,0.0,0.0,0.0
10.38,0.771,102.97,6.4,243.5,88.59,0,0.0,0.0,0.0
10.42,0.775,103.4,6.45,242.9,88.58,0,0.0,0.0,0.0
10.48,0.781,104.05,6.53,243.3,88.57,0,0.0,0.0,0.0
10.54,0.788,104.7,6.61,243.4,88.56,0,0.0,0.0,0.0
10.58,0.792,105.14,6.66,243.6,88.56,0,0.0,0.0,0.0
10.64,0.798,105.79,6.74,243.1,88.55,0,0.0,0.0,0.0
10.7,0.805,106.44,6.82,243.0,88.54,0,0.0,0.0,0.0
10.74,0.809,106.88,6.87,243.6,88.53,0,0.0,0.0,0.0
10.8,0.815,107.53,6.95,242.8,88.52,0,0.0,0.0,0.0
10.84,0.82,107.97,7.0,243.4,88.52,0,0.0,0.0,0.0
10.9,0.826,108.62,7.08,243.5,88.51,0,0.0,0.0,0.0
10.94,0.83,109.06,7.14,243.5,88.5,0,0.0,0.0,0.0
10.98,0.835,109.5,7.19,243.6,88.49,0,0.0,0.0,0.0
11.04,0.841,110.16,7.27,243.5,88.48,0,0.0,0.0,0.0
11.08,0.846,110.6,7.33,243.7,88.48,0,0.0,0.0,0.0
11.14,0.852,111.26,7.41,243.3,88.47,0,0.0,0.0,0.0
11.18,0.857,111.7,7.47,243.3,88.46,0,0.0,0.0,0.0
11.24,0.864,112.36,7.55,243.4,88.45,0,0.0,0.0,0.0
11.28,0.868,112.8,7.6,243.5,88.44,0,0.0,0.0,0.0
11.34,0.875,113.46,7.69,243.8,88.43,0,0.0,0.0,0.0
11.4,0.882,114.13,7.77,243.9,88.42,0,0.0,0.0,0.0
11.44,0.886,114.57,7.83,243.8,88.41,0,0.0,0.0,0.0
11.5,0.893,115.23,7.91,243.7,88.4,0,0.0,0.0,0.0
11.54,0.898,115.68,7.97,243.4,88.39,0,0.0,0.0,0.0
11.58,0.902,116.12,8.03,244.0,88.39,0,0.0,0.0,0.0
11.64,0.909,116.79,8.12,243.9,88.37,0,0.0,0.0,0.0
11.68,0.914,117.23,8.17,244.1,88.36,0,0.0,0.0,0.0
11.74,0.921,117.9,8.26,244.2,88.35,0,0.0,0.0,0.0
11.8,0.928,118.57,8.35,243.7,88.34,0,0.0,0.0,0.0
11.84,0.933,119.02,8.41,243.9,88.33,0,0.0,0.0,0.0
11.9,0.94,119.69,8.49,243.5,88.32,0,0.0,0.0,0.0
11.92,0.945,120.14,8.55,243.7,88.31,0,0.0,0.0,0.0
11.98,0.95,120.59,8.61,244.6,88.3,0,0.0,0.0,0.0
12.04,0.957,121.26,8.7,244.3,88.29,0,0.0,0.0,0.0
12.1,0.964,121.93,8.79,244.2,88.27,0,0.0,0.0,0.0
12.14,0.969,122.38,8.85,243.8,88.27,0,0.0,0.0,0.0
12.2,0.977,123.06,8.94,244.4,88.26,0,0.0,0.0,0.0
12.24,0.982,123.51,9.0,244.1,88.25,0,0.0,0.0,0.0
12.3,0.989,124.19,9.1,244.1,88.24,0,0.0,0.0,0.0
12.32,0.994,124.64,9.16,243.9,88.24,0,0.0,0.0,0.0
12.38,0.999,125.1,9.22,244.7,88.24,0,0.0,0.0,0.0
12.44,1.007,125.77,9.31,244.2,88.24,0,0.0,0.0,0.0
12.48,1.012,126.23,9.37,244.0,88.24,0,0.0,0.0,0.0
12.54,1.019,126.91,9.47,245.0,88.25,0,0.0,0.0,0.0
12.6,1.027,127.59,9.56,244.1,88.25,0,0.0,0.0,0.0
12.64,1.032,128.05,9.62,245.0,88.26,0,0.0,0.0,0.0
12.7,1.04,128.74,9.72,244.3,88.27,0,0.0,0.0,0.0
12.74,1.045,129.19,9.78,244.9,88.27,0,0.0,0.0,0.0
12.8,1.053,129.88,9.88,244.9,88.29,0,0.0,0.0,0.0
12.86,1.06,130.57,9.97,244.2,88.3,0,0.0,0.0,0.0
12.9,1.066,131.02,10.04,244.5,88.31,0,0.0,0.0,0.0
12.96,1.074,131.71,10.14,244.5,88.33,0,0.0,0.0,0.0
13.0,1.079,132.17,10.2,244.6,88.34,0,0.0,0.0,0.0
13.06,1.087,132.86,10.3,244.6,88.36,0,0.0,0.0,0.0
13.12,1.095,133.55,10.4,244.5,88.37,0,0.0,0.0,0.0
13.16,1.1,134.01,10.46,245.2,88.38,0,0.0,0.0,0.0
13.22,1.108,134.7,10.56,244.4,88.4,0,0.0,0.0,0.0
13.26,1.114,135.16,10.63,244.7,88.41,0,0.0,0.0,0.0
13.32,1.122,135.85,10.72,244.7,88.43,0,0.0,0.0,0.0
13.38,1.13,136.55,10.82,245.2,88.45,0,0.0,0.0,0.0
13.42,1.135,137.01,10.89,244.5,88.46,0,0.0,0.0,0.0
13.48,1.144,137.71,10.99,245.1,88.48,0,0.0,0.0,0.0
13.54,1.152,138.4,11.09,244.6,88.49,0,0.0,0.0,0.0
13.58,1.157,138.87,11.16,245.3,88.5,0,0.0,0.0,0.0
13.64,1.166,139.57,11.26,245.4,88.51,0,0.0,0.0,0.0
13.7,1.174,140.27,11.36,245.1,88.52,0,0.0,0.0,0.0
13.74,1.18,140.73,11.43,245.1,88.53,0,0.0,0.0,0.0
13.8,1.188,141.43,11.54,244.9,88.54,0,0.0,0.0,0.0
13.86,1.197,142.14,11.64,245.5,88.54,0,0.0,0.0,0.0
13.9,1.202,142.61,11.71,245.5,88.55,0,0.0,0.0,0.0
13.96,1.211,143.31,11.81,245.3,88.55,0,0.0,0.0,0.0
14.0,1.217,143.78,11.88,245.2,88.55,0,0.0,0.0,0.0
14.06,1.225,144.49,11.99,245.2,88.55,0,0.0,0.0,0.0
14.12,1.234,145.2,12.1,245.5,88.54,0,0.0,0.0,0.0
14.16,1.24,145.67,12.17,245.2,88.54,0,0.0,0.0,0.0
14.22,1.249,146.38,12.27,245.9,88.53,0,0.0,0.0,0.0
14.28,1.258,147.09,12.38,245.7,88.52,0,0.0,0.0,0.0
14.32,1.263,147.56,12.45,245.7,88.52,0,0.0,0.0,0.0
14.38,1.272,148.27,12.56,245.5,88.5,0,0.0,0.0,0.0
14.42,1.278,148.75,12.63,246.1,88.49,0,0.0,0.0,0.0
14.48,1.287,149.46,12.74,245.8,88.47,0,0.0,0.0,0.0
14.54,1.296,150.18,12.85,245.4,88.46,0,0.0,0.0,0.0
14.58,1.302,150.65,12.92,246.4,88.44,0,0.0,0.0,0.0
14.64,1.311,151.37,13.03,245.4,88.42,0,0.0,0.0,0.0
14.68,1.317,151.85,13.1,245.9,88.4,0,0.0,0.0,0.0
14.72,1.323,152.33,13.18,246.1,88.39,0,0.0,0.0,0.0
14.78,1.333,153.05,13.29,246.0,88.36,0,0.0,0.0,0.0
14.82,1.339,153.52,13.36,246.0,88.34,0,0.0,0.0,0.0
14.88,1.348,154.24,13.47,246.3,88.32,0,0.0,0.0,0.0
14.94,1.357,154.97,13.59,246.5,88.29,0,0.0,0.0,0.0
14.98,1.363,155.45,13.66,246.5,88.27,0,0.0,0.0,0.0
15.04,1.373,156.17,13.77,246.4,88.24,0,0.0,0.0,0.0
15.08,1.379,156.65,13.85,246.1,88.22,0,0.0,0.0,0.0
15.14,1.388,157.38,13.96,246.8,88.19,0,0.0,0.0,0.0
15.18,1.395,157.86,14.04,246.3,88.17,0,0.0,0.0,0.0
15.24,1.404,158.59,14.15,246.8,88.14,0,0.0,0.0,0.0
15.26,1.411,159.07,14.23,246.5,88.12,0,0.0,0.0,0.0
15.32,1.417,159.56,14.31,246.0,88.1,0,0.0,0.0,0.0
15.38,1.427,160.29,14.42,246.5,88.07,0,0.0,0.0,0.0
15.42,1.433,160.77,14.5,246.0,88.05,0,0.0,0.0,0.0
15.48,1.443,161.5,14.62,246.3,88.02,0,0.0,0.0,0.0
15.54,1.452,162.23,14.73,246.2,88.0,0,0.0,0.0,0.0
15.58,1.459,162.72,14.81,247.0,87.98,0,0.0,0.0,0.0
15.64,1.469,163.45,14.93,246.3,87.96,0,0.0,0.0,0.0
15.68,1.475,163.94,15.01,246.6,87.94,0,0.0,0.0,0.0
15.74,1.485,164.68,15.12,246.5,87.92,0,0.0,0.0,0.0
15.78,1.492,165.17,15.2,246.8,87.91,0,0.0,0.0,0.0
15.84,1.502,165.9,15.32,246.4,87.89,0,0.0,0.0,0.0
15.88,1.508,166.39,15.4,246.7,87.88,0,0.0,0.0,0.0
15.94,1.518,167.13,15.52,246.6,87.86,0,0.0,0.0,0.0
15.98,1.525,167.62,15.6,246.2,87.85,0,0.0,0.0,0.0
16.04,1.535,168.36,15.72,246.7,87.84,0,0.0,0.0,0.0
16.08,1.542,168.85,15.8,246.6,87.83,0,0.0,0.0,0.0
16.14,1.552,169.59,15.92,246.9,87.83,0,0.0,0.0,0.0
16.2,1.562,170.33,16.04,246.5,87.82,0,0.0,0.0,0.0
16.24,1.569,170.83,16.12,246.3,87.82,0,0.0,0.0,0.0
16.3,1.579,171.57,16.24,247.1,87.81,0,0.0,0.0,0.0
16.32,1.586,172.06,16.32,246.3,87.81,0,0.0,0.0,0.0
16.4,1.597,172.81,16.45,246.5,87.81,0,0.0,0.0,0.0
16.42,1.603,173.31,16.53,247.2,87.81,0,0.0,0.0,0.0
16.5,1.614,174.05,16.65,246.5,87.81,0,0.0,0.0,0.0
16.52,1.621,174.55,16.73,247.0,87.81,0,0.0,0.0,0.0
16.6,1.631,175.3,16.86,247.4,87.81,0,0.0,0.0,0.0
16.62,1.638,175.8,16.94,247.1,87.81,0,0.0,0.0,0.0
16.7,1.649,176.55,17.07,246.6,87.81,0,0.0,0.0,0.0
16.72,1.656,177.05,17.15,247.4,87.82,0,0.0,0.0,0.0
16.78,1.663,177.55,17.23,246.9,87.82,0,0.0,0.0,0.0
16.84,1.674,178.3,17.36,246.7,87.82,0,0.0,0.0,0.0
16.88,1.681,178.8,17.44,247.0,87.83,0,0.0,0.0,0.0
16.94,1.692,179.56,17.57,247.6,87.83,0,0.0,0.0,0.0
16.98,1.699,180.06,17.65,247.0,87.83,0,0.0,0.0,0.0
17.04,1.71,180.82,17.78,247.3,87.84,0,0.0,0.0,0.0
17.08,1.717,181.32,17.87,247.4,87.84,0,0.0,0.0,0.0
17.14,1.728,182.08,18.0,247.9,87.84,0,0.0,0.0,0.0
17.18,1.735,182.59,18.08,247.1,87.84,0,0.0,0.0,0.0
17.24,1.746,183.35,18.21,247.1,87.84,0,0.0,0.0,0.0
17.3,1.757,184.11,18.34,247.1,87.84,0,0.0,0.0,0.0
17.34,1.764,184.62,18.43,247.6,87.84,0,0.0,0.0,0.0
17.4,1.776,185.38,18.56,247.8,87.83,0,0.0,0.0,0.0
17.44,1.783,185.89,18.64,248.0,87.83,0,0.0,0.0,0.0
17.5,1.794,186.65,18.77,248.3,87.82,0,0.0,0.0,0.0
17.54,1.802,187.17,18.86,248.2,87.82,0,0.0,0.0,0.0
17.6,1.813,187.93,18.99,247.7,87.81,0,0.0,0.0,0.0
17.64,1.82,188.44,19.08,247.8,87.81,0,0.0,0.0,0.0
17.7,1.832,189.21,19.21,248.4,87.79,0,0.0,0.0,0.0
17.76,1.843,189.99,19.34,248.1,87.78,0,0.0,0.0,0.0
17.8,1.851,190.5,19.43,247.8,87.77,0,0.0,0.0,0.0
17.86,1.862,191.27,19.57,247.9,87.76,0,0.0,0.0,0.0
17.9,1.87,191.79,19.66,248.3,87.75,0,0.0,0.0,0.0
17.96,1.881,192.56,19.79,249.0,87.73,0,0.0,0.0,0.0
18.02,1.893,193.34,19.93,249.0,87.71,0,0.0,0.0,0.0
18.06,1.901,193.85,20.02,248.2,87.7,0,0.0,0.0,0.0
18.08,1.908,194.37,20.11,248.7,87.69,0,0.0,0.0,0.0
18.16,1.92,195.15,20.24,248.6,87.66,0,0.0,0.0,0.0
18.18,1.928,195.67,20.33,248.3,87.65,0,0.0,0.0,0.0
18.26,1.94,196.45,20.47,248.7,87.62,0,0.0,0.0,0.0
18.28,1.948,196.97,20.56,249.3,87.6,0,0.0,0.0,0.0
18.34,1.955,197.49,20.65,249.0,87.57,0,0.0,0.0,0.0
18.4,1.967,198.28,20.79,249.3,87.54,0,0.0,0.0,0.0
18.44,1.975,198.8,20.88,248.6,87.51,0,0.0,0.0,0.0
18.5,1.987,199.59,21.02,248.6,87.48,0,0.0,0.0,0.0
18.54,1.995,200.11,21.11,248.9,87.45,0,0.0,0.0,0.0
18.6,2.007,200.9,21.25,249.5,87.41,0,0.0,0.0,0.0
18.66,2.019,201.69,21.39,249.4,87.37,0,0.0,0.0,0.0
18.7,2.027,202.21,21.49,249.2,87.34,0,0.0,0.0,0.0
18.76,2.04,203.0,21.63,249.0,87.3,0,0.0,0.0,0.0
18.8,2.048,203.53,21.72,249.2,87.27,0,0.0,0.0,0.0
18.86,2.06,204.32,21.86,249.5,87.23,0,0.0,0.0,0.0
18.9,2.068,204.85,21.96,249.7,87.21,0,0.0,0.0,0.0
18.96,2.08,205.64,22.1,249.3,87.17,0,0.0,0.0,0.0
19.0,2.089,206.17,22.19,249.5,87.15,0,0.0,0.0,0.0
19.06,2.101,206.97,22.33,249.2,87.11,0,0.0,0.0,0.0
19.12,2.113,207.76,22.48,249.6,87.08,0,0.0,0.0,0.0
19.16,2.122,208.29,22.57,248.9,87.07,0,0.0,0.0,0.0
19.22,2.134,209.09,22.72,249.4,87.04,0,0.0,0.0,0.0
19.26,2.143,209.62,22.81,249.4,87.03,0,0.0,0.0,0.0
19.32,2.155,210.42,22.96,249.2,87.01,0,0.0,0.0,0.0
19.36,2.164,210.96,23.05,249.6,87.0,0,0.0,0.0,0.0
19.42,2.176,211.76,23.2,249.0,86.98,0,0.0,0.0,0.0
19.46,2.185,212.29,23.3,249.4,86.98,0,0.0,0.0,0.0
19.52,2.198,213.1,23.44,250.3,86.97,0,0.0,0.0,0.0
19.54,2.206,213.63,23.54,249.4,86.97,0,0.0,0.0,0.0
19.6,2.215,214.17,23.64,249.7,86.96,0,0.0,0.0,0.0
19.66,2.228,214.97,23.78,250.1,86.96,0,0.0,0.0,0.0
19.7,2.236,215.51,23.88,249.8,86.97,0,0.0,0.0,0.0
19.76,2.249,216.32,24.03,250.1,86.97,0,0.0,0.0,0.0
19.8,2.258,216.86,24.13,250.0,86.97,0,0.0,0.0,0.0
19.86,2.271,217.67,24.28,249.5,86.98,0,0.0,0.0,0.0
19.92,2.284,218.48,24.43,250.4,86.98,0,0.0,0.0,0.0
19.96,2.293,219.02,24.53,249.7,86.99,0,0.0,0.0,0.0
20.02,2.306,219.83,24.67,250.3,87.0,0,0.0,0.0,0.0
20.06,2.315,220.37,24.77,249.9,87.0,0,0.0,0.0,0.0
20.12,2.328,221.18,24.92,250.0,87.01,0,0.0,0.0,0.0
20.16,2.337,221.72,25.02,249.9,87.02,0,0.0,0.0,0.0
20.22,2.35,222.53,25.17,250.0,87.03,0,0.0,0.0,0.0
20.26,2.359,223.07,25.27,250.3,87.03,0,0.0,0.0,0.0
20.32,2.372,223.89,25.42,251.1,87.04,0,0.0,0.0,0.0
20.38,2.386,224.7,25.57,250.1,87.04,0,0.0,0.0,0.0
20.42,2.395,225.24,25.67,250.7,87.04,0,0.0,0.0,0.0
20.46,2.404,225.79,25.78,250.7,87.04,0,0.0,0.0,0.0
20.52,2.417,226.6,25.93,251.0,87.04,0,0.0,0.0,0.0
20.56,2.426,227.15,26.03,251.2,87.03,0,0.0,0.0,0.0
20.62,2.44,227.96,26.18,250.4,87.03,0,0.0,0.0,0.0
20.66,2.449,228.51,26.28,250.8,87.02,0,0.0,0.0,0.0
20.72,2.463,229.32,26.43,251.4,87.01,0,0.0,0.0,0.0
20.76,2.472,229.87,26.53,251.3,87.0,0,0.0,0.0,0.0
20.82,2.486,230.68,26.68,251.0,86.99,0,0.0,0.0,0.0
20.88,2.5,231.5,26.84,251.5,86.97,0,0.0,0.0,0.0
20.92,2.509,232.04,26.94,251.5,86.95,0,0.0,0.0,0.0
20.96,2.518,232.58,27.04,251.5,86.94,0,0.0,0.0,0.0
21.02,2.532,233.4,27.19,251.9,86.92,0,0.0,0.0,0.0
21.06,2.542,233.94,27.29,251.2,86.9,0,0.0,0.0,0.0
21.12,2.556,234.76,27.44,251.5,86.88,0,0.0,0.0,0.0
21.16,2.565,235.3,27.55,251.7,86.86,0,0.0,0.0,0.0
21.22,2.579,236.12,27.7,251.1,86.83,0,0.0,0.0,0.0
21.28,2.593,236.93,27.85,251.4,86.81,0,0.0,0.0,0.0
21.32,2.603,237.47,27.95,251.7,86.79,0,0.0,0.0,0.0
21.38,2.617,238.28,28.1,251.1,86.76,0,0.0,0.0,0.0
21.42,2.627,238.83,28.2,251.7,86.74,0,0.0,0.0,0.0
21.48,2.641,239.64,28.35,251.6,86.72,0,0.0,0.0,0.0
21.52,2.651,240.18,28.46,252.0,86.7,0,0.0,0.0,0.0
21.58,2.665,240.99,28.61,252.1,86.67,0,0.0,0.0,0.0
21.62,2.675,241.53,28.71,251.9,86.66,0,0.0,0.0,0.0
21.68,2.689,242.34,28.86,251.4,86.64,0,0.0,0.0,0.0
21.72,2.699,242.88,28.96,252.0,86.63,0,0.0,0.0,0.0
21.78,2.713,243.68,29.11,251.3,86.61,0,0.0,0.0,0.0
21.82,2.723,244.22,29.21,251.4,86.6,0,0.0,0.0,0.0
21.88,2.738,245.03,29.36,252.2,86.58,0,0.0,0.0,0.0
21.9,2.748,245.56,29.46,252.0,86.57,0,0.0,0.0,0.0
21.96,2.757,246.1,29.56,252.2,86.57,0,0.0,0.0,0.0
22.02,2.772,246.9,29.71,252.5,86.56,0,0.0,0.0,0.0
22.06,2.782,247.44,29.81,251.4,86.55,0,0.0,0.0,0.0
22.12,2.797,248.24,29.96,252.4,86.55,0,0.0,0.0,0.0
22.18,2.812,249.04,30.11,252.1,86.54,0,0.0,0.0,0.0
22.2,2.817,249.31,30.16,252.7,86.54,0,0.0,0.0,0.0
22.26,2.832,250.11,30.31,251.8,86.54,0,0.0,0.0,0.0
22.32,2.847,250.91,30.46,252.5,86.54,0,0.0,0.0,0.0
22.34,2.857,251.44,30.55,251.8,86.54,0,0.0,0.0,0.0
22.42,2.872,252.23,30.7,252.1,86.54,0,0.0,0.0,0.0
22.48,2.887,253.03,30.85,252.5,86.54,0,0.0,0.0,0.0
22.5,2.897,253.56,30.95,251.7,86.54,0,0.0,0.0,0.0
22.56,2.907,254.09,31.04,252.4,86.54,0,0.0,0.0,0.0
22.62,2.923,254.88,31.19,252.9,86.54,0,0.0,0.0,0.0
22.64,2.933,255.4,31.29,253.1,86.54,0,0.0,0.0,0.0
22.72,2.948,256.19,31.43,252.6,86.54,0,0.0,0.0,0.0
22.76,2.958,256.72,31.53,252.8,86.54,0,0.0,0.0,0.0
22.82,2.974,257.5,31.68,252.3,86.54,0,0.0,0.0,0.0
22.86,2.984,258.03,31.77,253.2,86.54,0,0.0,0.0,0.0
22.92,3.0,258.82,31.92,252.7,86.53,0,0.0,0.0,0.0
22.94,3.01,259.34,32.01,253.0,86.53,0,0.0,0.0,0.0
23.02,3.025,260.12,32.16,252.7,86.52,0,0.0,0.0,0.0
23.06,3.036,260.64,32.25,253.0,86.52,0,0.0,0.0,0.0
23.1,3.046,261.16,32.35,253.6,86.51,0,0.0,0.0,0.0
23.16,3.062,261.94,32.49,252.7,86.5,0,0.0,0.0,0.0
23.22,3.078,262.72,32.63,252.8,86.49,0,0.0,0.0,0.0
23.24,3.088,263.24,32.73,253.7,86.48,0,0.0,0.0,0.0
23.3,3.099,263.75,32.82,253.1,86.47,0,0.0,0.0,0.0
23.36,3.115,264.53,32.96,253.7,86.45,0,0.0,0.0,0.0
23.4,3.125,265.04,33.06,253.8,86.44,0,0.0,0.0,0.0
23.46,3.141,265.81,33.2,253.5,86.42,0,0.0,0.0,0.0
23.52,3.157,266.59,33.34,253.8,86.4,0,0.0,0.0,0.0
23.56,3.168,267.1,33.43,253.4,86.39,0,0.0,0.0,0.0
23.62,3.184,267.87,33.57,253.6,86.37,0,0.0,0.0,0.0
23.64,3.194,268.38,33.66,254.3,86.36,0,0.0,0.0,0.0
23.7,3.205,268.89,33.75,253.5,86.35,0,0.0,0.0,0.0
23.76,3.221,269.65,33.89,254.1,86.33,0,0.0,0.0,0.0
23.8,3.232,270.16,33.98,254.3,86.32,0,0.0,0.0,0.0
23.86,3.248,270.93,34.12,253.9,86.3,0,0.0,0.0,0.0
23.88,3.259,271.43,34.21,254.3,86.29,0,0.0,0.0,0.0
23.96,3.275,272.19,34.35,254.7,86.27,0,0.0,0.0,0.0
24.02,3.292,272.95,34.48,255.0,86.26,0,0.0,0.0,0.0
24.04,3.297,273.21,34.53,254.4,86.25,0,0.0,0.0,0.0
24.1,3.314,273.96,34.66,254.7,86.24,0,0.0,0.0,0.0
24.16,3.33,274.72,34.79,254.1,86.23,0,0.0,0.0,0.0
24.2,3.341,275.22,34.88,254.8,86.22,0,0.0,0.0,0.0
24.26,3.357,275.97,35.02,254.9,86.22,0,0.0,0.0,0.0
24.28,3.369,276.48,35.11,254.8,86.21,0,0.0,0.0,0.0
24.36,3.385,277.23,35.24,255.0,86.2,0,0.0,0.0,0.0
24.42,3.402,277.97,35.37,254.5,86.2,0,0.0,0.0,0.0
24.44,3.407,278.22,35.41,255.0,86.2,0,0.0,0.0,0.0
24.5,3.424,278.97,35.54,255.5,86.19,0,0.0,0.0,0.0
24.56,3.441,279.71,35.67,254.7,86.19,0,0.0,0.0,0.0
24.6,3.452,280.2,35.76,255.0,86.19,0,0.0,0.0,0.0
24.66,3.469,280.94,35.89,254.6,86.19,0,0.0,0.0,0.0
24.68,3.48,281.43,35.97,255.2,86.18,0,0.0,0.0,0.0
24.74,3.491,281.93,36.06,255.3,86.18,0,0.0,0.0,0.0
24.8,3.508,282.66,36.19,254.7,86.18,0,0.0,0.0,0.0
24.84,3.519,283.15,36.27,255.5,86.18,0,0.0,0.0,0.0
24.9,3.536,283.89,36.4,255.3,86.17,0,0.0,0.0,0.0
24.96,3.553,284.62,36.52,255.1,86.17,0,0.0,0.0,0.0
24.98,3.559,284.86,36.56,254.9,86.17,0,0.0,0.0,0.0
25.06,3.582,285.83,36.73,255.5,86.16,0,0.0,0.0,0.0
25.08,3.593,286.32,36.81,255.5,86.15,0,0.0,0.0,0.0
25.14,3.605,286.8,36.9,255.7,86.15,0,0.0,0.0,0.0
25.2,3.622,287.52,37.02,255.9,86.14,0,0.0,0.0,0.0
25.24,3.633,288.01,37.1,255.1,86.13,0,0.0,0.0,0.0
25.3,3.651,288.73,37.22,256.1,86.12,0,0.0,0.0,0.0
25.32,3.662,289.21,37.3,255.7,86.12,0,0.0,0.0,0.0
25.4,3.68,289.93,37.42,255.1,86.1,0,0.0,0.0,0.0
25.42,3.691,290.41,37.5,255.2,86.1,0,0.0,0.0,0.0
25.48,3.703,290.88,37.58,256.0,86.09,0,0.0,0.0,0.0
25.54,3.72,291.6,37.7,256.0,86.07,0,0.0,0.0,0.0
25.58,3.732,292.08,37.78,256.2,86.06,0,0.0,0.0,0.0
25.64,3.749,292.79,37.9,255.7,86.05,0,0.0,0.0,0.0
25.7,3.767,293.5,38.02,255.5,86.03,0,0.0,0.0,0.0
25.72,3.773,293.74,38.05,255.4,86.03,0,0.0,0.0,0.0
25.8,3.796,294.68,38.21,255.6,86.01,0,0.0,0.0,0.0
25.82,3.802,294.92,38.25,255.6,86.01,0,0.0,0.0,0.0
25.88,3.82,295.63,38.36,255.9,85.99,0,0.0,0.0,0.0
25.94,3.838,296.33,38.48,256.1,85.98,0,0.0,0.0,0.0
25.96,3.844,296.57,38.52,256.2,85.97,0,0.0,0.0,0.0
26.04,3.867,297.51,38.67,256.7,85.96,0,0.0,0.0,0.0
26.06,3.879,297.98,38.74,255.8,85.95,0,0.0,0.0,0.0
26.12,3.891,298.45,38.82,256.4,85.95,0,0.0,0.0,0.0
26.18,3.909,299.15,38.93,256.2,85.94,0,0.0,0.0,0.0
26.22,3.921,299.62,39.0,256.9,85.93,0,0.0,0.0,0.0
26.28,3.939,300.32,39.12,256.0,85.92,0,0.0,0.0,0.0
26.3,3.951,300.79,39.19,256.9,85.92,0,0.0,0.0,0.0
26.38,3.969,301.48,39.3,256.1,85.91,0,0.0,0.0,0.0
26.44,3.987,302.18,39.41,257.1,85.9,0,0.0,0.0,0.0
26.46,3.999,302.65,39.48,256.5,85.9,0,0.0,0.0,0.0
26.52,4.011,303.11,39.56,256.7,85.9,0,0.0,0.0,0.0
26.58,4.029,303.81,39.67,257.1,85.89,0,0.0,0.0,0.0
26.6,4.035,304.04,39.7,257.0,85.89,0,0.0,0.0,0.0
26.68,4.06,304.97,39.85,257.1,85.88,0,0.0,0.0,0.0
26.7,4.072,305.43,39.92,256.7,85.88,0,0.0,0.0,0.0
26.76,4.084,305.9,39.99,257.0,85.88,0,0.0,0.0,0.0
26.82,4.102,306.59,40.1,257.3,85.87,0,0.0,0.0,0.0
26.86,4.115,307.06,40.17,256.6,85.87,0,0.0,0.0,0.0
26.92,4.133,307.75,40.27,257.1,85.86,0,0.0,0.0,0.0
26.94,4.139,307.98,40.31,256.7,85.86,0,0.0,0.0,0.0
27.02,4.164,308.91,40.45,257.3,85.85,0,0.0,0.0,0.0
27.04,4.176,309.37,40.52,257.1,85.84,0,0.0,0.0,0.0
27.1,4.188,309.83,40.59,257.2,85.83,0,0.0,0.0,0.0
27.16,4.207,310.53,40.69,257.4,85.82,0,0.0,0.0,0.0
27.2,4.219,310.99,40.76,257.2,85.82,0,0.0,0.0,0.0
27.26,4.238,311.68,40.87,257.5,85.8,0,0.0,0.0,0.0
27.28,4.251,312.14,40.94,257.7,85.8,0,0.0,0.0,0.0
27.36,4.269,312.84,41.04,258.2,85.78,0,0.0,0.0,0.0
27.38,4.282,313.3,41.11,258.1,85.78,0,0.0,0.0,0.0
27.46,4.301,314.0,41.21,258.1,85.76,0,0.0,0.0,0.0
27.52,4.319,314.69,41.31,257.4,85.75,0,0.0,0.0,0.0
27.54,4.332,315.15,41.38,257.7,85.74,0,0.0,0.0,0.0
27.6,4.344,315.62,41.45,258.1,85.73,0,0.0,0.0,0.0
27.66,4.363,316.31,41.55,257.9,85.72,0,0.0,0.0,0.0
27.7,4.376,316.78,41.62,257.5,85.71,0,0.0,0.0,0.0
27.76,4.395,317.47,41.72,258.3,85.7,0,0.0,0.0,0.0
27.78,4.408,317.94,41.79,258.0,85.69,0,0.0,0.0,0.0
27.86,4.427,318.63,41.89,258.1,85.68,0,0.0,0.0,0.0
27.92,4.446,319.33,41.99,258.9,85.67,0,0.0,0.0,0.0
27.94,4.452,319.57,42.03,258.4,85.67,0,0.0,0.0,0.0
28.0,4.471,320.27,42.13,258.2,85.66,0,0.0,0.0,0.0
28.06,4.491,320.97,42.23,258.1,85.65,0,0.0,0.0,0.0
28.1,4.503,321.43,42.29,258.0,85.65,0,0.0,0.0,0.0
28.16,4.523,322.13,42.39,258.5,85.64,0,0.0,0.0,0.0
28.18,4.535,322.6,42.46,258.7,85.63,0,0.0,0.0,0.0
28.24,4.548,323.06,42.53,259.1,85.63,0,0.0,0.0,0.0
28.3,4.568,323.76,42.63,258.4,85.62,0,0.0,0.0,0.0
28.34,4.581,324.23,42.69,258.8,85.62,0,0.0,0.0,0.0
28.4,4.6,324.93,42.79,258.6,85.61,0,0.0,0.0,0.0
28.46,4.62,325.64,42.89,258.5,85.6,0,0.0,0.0,0.0
28.48,4.626,325.87,42.92,259.0,85.6,0,0.0,0.0,0.0
28.56,4.652,326.81,43.06,259.4,85.59,0,0.0,0.0,0.0
28.58,4.665,327.28,43.12,258.5,85.58,0,0.0,0.0,0.0
28.64,4.678,327.75,43.19,258.9,85.58,0,0.0,0.0,0.0
28.7,4.698,328.45,43.29,258.7,85.57,0,0.0,0.0,0.0
28.74,4.711,328.92,43.35,258.9,85.56,0,0.0,0.0,0.0
28.8,4.731,329.63,43.45,258.6,85.55,0,0.0,0.0,0.0
28.82,4.744,330.1,43.51,259.5,85.55,0,0.0,0.0,0.0
28.9,4.764,330.81,43.61,259.0,85.54,0,0.0,0.0,0.0
28.92,4.777,331.28,43.68,258.8,85.53,0,0.0,0.0,0.0
29.0,4.797,331.99,43.77,259.5,85.52,0,0.0,0.0,0.0
29.06,4.817,332.7,43.87,259.2,85.51,0,0.0,0.0,0.0
29.08,4.83,333.17,43.93,259.2,85.5,0,0.0,0.0,0.0
29.14,4.843,333.64,44.0,259.9,85.49,0,0.0,0.0,0.0
29.2,4.863,334.36,44.09,259.5,85.48,0,0.0,0.0,0.0
29.24,4.876,334.83,44.16,259.7,85.48,0,0.0,0.0,0.0
29.3,4.897,335.54,44.25,259.7,85.46,0,0.0,0.0,0.0
29.32,4.91,336.02,44.32,260.3,85.46,0,0.0,0.0,0.0
29.4,4.93,336.73,44.41,259.5,85.45,0,0.0,0.0,0.0
29.46,4.95,337.45,44.51,260.0,85.44,0,0.0,0.0,0.0
29.48,4.964,337.92,44.57,259.7,85.43,0,0.0,0.0,0.0
29.54,4.977,338.4,44.64,259.7,85.42,0,0.0,0.0,0.0
29.6,4.997,339.12,44.73,260.5,85.42,0,0.0,0.0,0.0
29.64,5.011,339.6,44.8,260.7,85.41,0,0.0,0.0,0.0
29.7,5.031,340.32,44.89,260.9,85.4,0,0.0,0.0,0.0
29.72,5.045,340.8,44.95,260.5,85.4,0,0.0,0.0,0.0
29.78,5.059,341.28,45.02,260.4,85.39,0,0.0,0.0,0.0
29.84,5.079,342.0,45.11,260.3,85.38,0,0.0,0.0,0.0
29.88,5.093,342.48,45.17,261.0,85.38,0,0.0,0.0,0.0
29.94,5.113,343.2,45.27,261.0,85.37,0,0.0,0.0,0.0
29.98,5.127,343.68,45.33,261.3,85.36,0,0.0,0.0,0.0
30.04,5.147,344.41,45.42,260.7,85.35,0,0.0,0.0,0.0
30.06,5.161,344.89,45.49,260.5,85.35,0,0.0,0.0,0.0
30.14,5.182,345.61,45.58,261.4,85.34,0,0.0,0.0,0.0
30.2,5.202,346.34,45.67,261.1,85.33,0,0.0,0.0,0.0
30.22,5.216,346.82,45.73,261.3,85.32,0,0.0,0.0,0.0
30.28,5.23,347.31,45.8,261.2,85.32,0,0.0,0.0,0.0
30.34,5.251,348.03,45.89,261.3,85.31,0,0.0,0.0,0.0
30.38,5.265,348.52,45.95,260.7,85.3,0,0.0,0.0,0.0
30.44,5.286,349.25,46.04,260.7,85.29,0,0.0,0.0,0.0
30.46,5.293,349.49,46.07,261.1,85.28,0,0.0,0.0,0.0
30.54,5.321,350.46,46.19,260.8,85.27,0,0.0,0.0,0.0
30.56,5.335,350.94,46.25,261.3,85.26,0,0.0,0.0,0.0
30.64,5.356,351.67,46.35,261.4,85.25,0,0.0,0.0,0.0
30.66,5.37,352.16,46.41,261.7,85.25,0,0.0,0.0,0.0
30.72,5.384,352.65,46.47,261.4,85.24,0,0.0,0.0,0.0
30.78,5.405,353.38,46.56,261.6,85.23,0,0.0,0.0,0.0
30.82,5.419,353.87,46.62,262.3,85.22,0,0.0,0.0,0.0
30.88,5.44,354.6,46.71,261.5,85.21,0,0.0,0.0,0.0
30.9,5.454,355.09,46.77,261.4,85.21,0,0.0,0.0,0.0
30.98,5.476,355.82,46.85,261.4,85.2,0,0.0,0.0,0.0
31.04,5.497,356.56,46.94,261.9,85.19,0,0.0,0.0,0.0
31.06,5.504,356.8,46.97,261.6,85.19,0,0.0,0.0,0.0
31.12,5.525,357.54,47.06,262.4,85.18,0,0.0,0.0,0.0
31.18,5.547,358.28,47.15,262.0,85.17,0,0.0,0.0,0.0
31.22,5.561,358.77,47.21,261.7,85.16,0,0.0,0.0,0.0
31.28,5.582,359.5,47.3,261.4,85.16,0,0.0,0.0,0.0
31.3,5.597,360.0,47.35,261.7,85.15,0,0.0,0.0,0.0
31.38,5.618,360.73,47.44,261.9,85.14,0,0.0,0.0,0.0
31.44,5.64,361.48,47.53,261.9,85.13,0,0.0,0.0,0.0
31.46,5.647,361.72,47.56,262.2,85.13,0,0.0,0.0,0.0
31.52,5.669,362.46,47.64,261.9,85.12,0,0.0,0.0,0.0
31.58,5.691,363.2,47.73,262.6,85.11,0,0.0,0.0,0.0
31.6,5.698,363.45,47.76,261.8,85.1,0,0.0,0.0,0.0
31.68,5.727,364.44,47.87,262.3,85.09,0,0.0,0.0,0.0
31.7,5.741,364.93,47.93,262.2,85.08,0,0.0,0.0,0.0
31.76,5.756,365.43,47.99,262.2,85.08,0,0.0,0.0,0.0
31.82,5.778,366.17,48.07,263.0,85.07,0,0.0,0.0,0.0
31.86,5.792,366.67,48.13,263.1,85.06,0,0.0,0.0,0.0
31.92,5.814,367.42,48.21,262.9,85.05,0,0.0,0.0,0.0
31.96,5.829,367.92,48.27,263.3,85.04,0,0.0,0.0,0.0
32.02,5.851,368.66,48.35,262.5,85.03,0,0.0,0.0,0.0
32.04,5.866,369.16,48.41,263.1,85.03,0,0.0,0.0,0.0
32.12,5.888,369.91,48.49,262.7,85.02,0,0.0,0.0,0.0
32.18,5.91,370.66,48.58,263.0,85.01,0,0.0,0.0,0.0
32.2,5.917,370.91,48.6,263.3,85.0,0,0.0,0.0,0.0
32.26,5.94,371.66,48.69,263.1,85.0,0,0.0,0.0,0.0
32.32,5.962,372.41,48.77,262.5,84.99,0,0.0,0.0,0.0
32.36,5.977,372.92,48.82,263.2,84.98,0,0.0,0.0,0.0
32.42,5.999,373.67,48.91,262.9,84.97,0,0.0,0.0,0.0
32.44,6.006,373.92,48.93,263.0,84.97,0,0.0,0.0,0.0
32.52,6.036,374.92,49.04,263.4,84.96,0,0.0,0.0,0.0
32.54,6.051,375.42,49.1,262.8,84.95,0,0.0,0.0,0.0
32.6,6.066,375.92,49.15,263.3,84.94,0,0.0,0.0,0.0
32.66,6.089,376.68,49.23,263.0,84.93,0,0.0,0.0,0.0
32.68,6.096,376.93,49.26,263.6,84.93,0,0.0,0.0,0.0
32.76,6.126,377.94,49.36,263.6,84.92,0,0.0,0.0,0.0
32.82,6.149,378.69,49.44,263.2,84.91,0,0.0,0.0,0.0
32.84,6.156,378.94,49.47,264.0,84.9,0,0.0,0.0,0.0
32.92,6.187,379.95,49.57,263.4,84.89,0,0.0,0.0,0.0
32.94,6.194,380.21,49.6,263.7,84.88,0,0.0,0.0,0.0
33.0,6.217,380.96,49.68,263.6,84.87,0,0.0,0.0,0.0
33.06,6.24,381.72,49.75,263.6,84.86,0,0.0,0.0,0.0
33.1,6.255,382.23,49.8,264.0,84.85,0,0.0,0.0,0.0
33.16,6.278,382.98,49.88,264.0,84.84,0,0.0,0.0,0.0
33.18,6.293,383.49,49.93,263.3,84.84,0,0.0,0.0,0.0
33.24,6.309,383.99,49.98,263.7,84.83,0,0.0,0.0,0.0
33.3,6.331,384.75,50.06,263.7,84.82,0,0.0,0.0,0.0
33.34,6.347,385.26,50.11,263.9,84.81,0,0.0,0.0,0.0
33.4,6.37,386.02,50.18,264.7,84.81,0,0.0,0.0,0.0
33.46,6.393,386.78,50.26,264.3,84.8,0,0.0,0.0,0.0
33.48,6.401,387.04,50.28,264.6,84.79,0,0.0,0.0,0.0
33.56,6.432,388.05,50.38,264.4,84.78,0,0.0,0.0,0.0
33.58,6.447,388.56,50.43,264.5,84.78,0,0.0,0.0,0.0
33.64,6.463,389.07,50.48,264.0,84.77,0,0.0,0.0,0.0
33.7,6.486,389.83,50.55,264.8,84.76,0,0.0,0.0,0.0
33.74,6.501,390.34,50.6,264.7,84.75,0,0.0,0.0,0.0
33.8,6.525,391.11,50.67,264.6,84.75,0,0.0,0.0,0.0
33.82,6.54,391.62,50.72,265.0,84.74,0,0.0,0.0,0.0
33.9,6.564,392.38,50.79,264.6,84.73,0,0.0,0.0,0.0
33.92,6.579,392.9,50.83,265.2,84.72,0,0.0,0.0,0.0
34.0,6.603,393.66,50.91,264.4,84.71,0,0.0,0.0,0.0
34.06,6.626,394.43,50.98,265.4,84.7,0,0.0,0.0,0.0
34.08,6.642,394.94,51.02,265.0,84.7,0,0.0,0.0,0.0
34.14,6.658,395.46,51.07,265.5,84.69,0,0.0,0.0,0.0
34.2,6.682,396.23,51.14,265.2,84.68,0,0.0,0.0,0.0
34.22,6.689,396.48,51.16,265.5,84.67,0,0.0,0.0,0.0
34.3,6.721,397.51,51.25,265.2,84.66,0,0.0,0.0,0.0
34.36,6.745,398.28,51.32,265.5,84.65,0,0.0,0.0,0.0
34.38,6.753,398.54,51.34,265.6,84.65,0,0.0,0.0,0.0
34.44,6.777,399.31,51.41,265.5,84.64,0,0.0,0.0,0.0
34.5,6.801,400.08,51.47,266.1,84.63,0,0.0,0.0,0.0
34.52,6.817,400.59,51.52,265.7,84.62,0,0.0,0.0,0.0
34.6,6.84,401.36,51.58,265.3,84.61,0,0.0,0.0,0.0
34.66,6.864,402.14,51.65,265.5,84.6,0,0.0,0.0,0.0
34.68,6.872,402.39,51.67,265.2,84.6,0,0.0,0.0,0.0
34.74,6.897,403.16,51.73,265.4,84.59,0,0.0,0.0,0.0
34.8,6.921,403.94,51.8,265.4,84.58,0,0.0,0.0,0.0
34.82,6.929,404.2,51.82,266.0,84.58,0,0.0,0.0,0.0
34.9,6.961,405.23,51.9,265.8,84.57,0,0.0,0.0,0.0
34.96,6.985,406.0,51.96,265.9,84.56,0,0.0,0.0,0.0
34.98,6.993,406.26,51.98,266.6,84.55,0,0.0,0.0,0.0
35.04,7.018,407.04,52.05,266.0,84.54,0,0.0,0.0,0.0
35.1,7.042,407.82,52.11,266.6,84.53,0,0.0,0.0,0.0
35.12,7.05,408.08,52.13,266.4,84.53,0,0.0,0.0,0.0
35.2,7.083,409.12,52.21,266.3,84.52,0,0.0,0.0,0.0
35.26,7.107,409.9,52.27,266.8,84.51,0,0.0,0.0,0.0
35.28,7.115,410.16,52.29,266.7,84.5,0,0.0,0.0,0.0
35.34,7.14,410.94,52.34,266.6,84.49,0,0.0,0.0,0.0
35.4,7.164,411.72,52.4,266.9,84.48,0,0.0,0.0,0.0
35.42,7.181,412.24,52.44,266.5,84.48,0,0.0,0.0,0.0
35.5,7.205,413.02,52.5,266.4,84.47,0,0.0,0.0,0.0
35.56,7.23,413.8,52.55,266.8,84.46,0,0.0,0.0,0.0
35.58,7.238,414.06,52.57,266.5,84.45,0,0.0,0.0,0.0
35.64,7.263,414.85,52.62,266.7,84.44,0,0.0,0.0,0.0
35.7,7.288,415.63,52.68,266.7,84.43,0,0.0,0.0,0.0
35.72,7.296,415.89,52.69,266.5,84.43,0,0.0,0.0,0.0
35.8,7.329,416.94,52.76,266.2,84.42,0,0.0,0.0,0.0
35.86,7.354,417.72,52.81,267.2,84.41,0,0.0,0.0,0.0
35.88,7.363,417.99,52.83,266.6,84.41,0,0.0,0.0,0.0
35.94,7.388,418.77,52.88,266.9,84.4,0,0.0,0.0,0.0
36.0,7.413,419.56,52.93,267.1,84.39,0,0.0,0.0,0.0
36.04,7.429,420.09,52.96,266.6,84.38,0,0.0,0.0,0.0
36.1,7.454,420.88,53.01,266.9,84.37,0,0.0,0.0,0.0
36.12,7.463,421.14,53.03,266.7,84.37,0,0.0,0.0,0.0
36.2,7.496,422.19,53.09,267.3,84.36,0,0.0,0.0,0.0
36.26,7.522,422.99,53.14,267.8,84.35,0,0.0,0.0,0.0
36.28,7.53,423.25,53.15,267.4,84.34,0,0.0,0.0,0.0
36.34,7.555,424.04,53.2,267.0,84.33,0,0.0,0.0,0.0
36.4,7.581,424.83,53.24,267.5,84.32,0,0.0,0.0,0.0
36.42,7.589,425.1,53.25,267.4,84.32,0,0.0,0.0,0.0
36.5,7.623,426.16,53.31,267.6,84.31,0,0.0,0.0,0.0
36.52,7.64,426.69,53.34,267.3,84.3,0,0.0,0.0,0.0
36.58,7.657,427.22,53.37,267.2,84.29,0,0.0,0.0,0.0
36.64,7.683,428.01,53.41,267.6,84.28,0,0.0,0.0,0.0
36.7,7.708,428.81,53.45,267.4,84.27,0,0.0,0.0,0.0
36.72,7.717,429.08,53.46,267.1,84.27,0,0.0,0.0,0.0
36.8,7.751,430.15,53.51,268.0,84.26,0,0.0,0.0,0.0
36.82,7.768,430.68,53.54,267.6,84.25,0,0.0,0.0,0.0
36.88,7.785,431.22,53.56,268.1,84.25,0,0.0,0.0,0.0
36.94,7.811,432.02,53.6,268.3,84.24,0,0.0,0.0,0.0
36.96,7.828,432.56,53.62,268.5,84.23,0,0.0,0.0,0.0
37.04,7.854,433.37,53.66,267.8,84.22,0,0.0,0.0,0.0
37.1,7.88,434.17,53.69,268.0,84.21,0,0.0,0.0,0.0
37.12,7.889,434.44,53.71,267.4,84.21,0,0.0,0.0,0.0
37.18,7.915,435.25,53.74,267.8,84.2,0,0.0,0.0,0.0
37.24,7.941,436.06,53.77,268.4,84.19,0,0.0,0.0,0.0
37.28,7.958,436.6,53.8,267.7,84.18,0,0.0,0.0,0.0
37.34,7.984,437.42,53.83,267.8,84.17,0,0.0,0.0,0.0
37.4,8.01,438.23,53.86,268.5,84.16,0,0.0,0.0,0.0
37.42,8.019,438.51,53.87,268.5,84.16,0,0.0,0.0,0.0
37.48,8.045,439.32,53.9,269.0,84.15,0,0.0,0.0,0.0
37.54,8.071,440.14,53.93,268.5,84.14,0,0.0,0.0,0.0
37.58,8.089,440.69,53.95,268.6,84.13,0,0.0,0.0,0.0
37.64,8.115,441.51,53.98,268.6,84.12,0,0.0,0.0,0.0
37.66,8.133,442.06,54.0,269.1,84.12,0,0.0,0.0,0.0
37.74,8.159,442.88,54.03,269.0,84.11,0,0.0,0.0,0.0
37.8,8.186,443.71,54.05,269.3,84.1,0,0.0,0.0,0.0
37.82,8.195,443.99,54.06,268.7,84.09,0,0.0,0.0,0.0
37.88,8.221,444.81,54.09,268.8,84.08,0,0.0,0.0,0.0
37.94,8.248,445.64,54.11,268.5,84.07,0,0.0,0.0,0.0
37.98,8.265,446.19,54.13,268.8,84.07,0,0.0,0.0,0.0
38.04,8.292,447.02,54.15,269.0,84.06,0,0.0,0.0,0.0
38.1,8.319,447.86,54.17,269.3,84.05,0,0.0,0.0,0.0
38.12,8.328,448.14,54.18,269.3,84.04,0,0.0,0.0,0.0
38.18,8.355,448.97,54.2,269.6,84.04,0,0.0,0.0,0.0
38.24,8.381,449.81,54.22,269.2,84.03,0,0.0,0.0,0.0
38.28,8.399,450.37,54.24,270.0,84.02,0,0.0,0.0,0.0
38.34,8.426,451.21,54.26,269.5,84.01,0,0.0,0.0,0.0
38.36,8.444,451.77,54.27,269.4,84.0,0,0.0,0.0,0.0
38.42,8.462,452.33,54.28,269.4,84.0,0,0.0,0.0,0.0
38.48,8.489,453.17,54.3,268.9,83.99,0,0.0,0.0,0.0
38.52,8.507,453.73,54.31,269.3,83.98,0,0.0,0.0,0.0
38.58,8.534,454.58,54.33,269.8,83.97,0,0.0,0.0,0.0
38.64,8.562,455.42,54.34,269.5,83.96,0,0.0,0.0,0.0
38.66,8.58,455.99,54.35,270.2,83.96,0,0.0,0.0,0.0
38.72,8.598,456.55,54.36,269.3,83.95,0,0.0,0.0,0.0
38.78,8.625,457.4,54.37,269.2,83.94,0,0.0,0.0,0.0
38.82,8.643,457.97,54.38,270.0,83.93,0,0.0,0.0,0.0
38.88,8.671,458.82,54.39,269.8,83.92,0,0.0,0.0,0.0
38.94,8.698,459.68,54.4,269.8,83.91,0,0.0,0.0,0.0
38.96,8.707,459.96,54.41,269.6,83.91,0,0.0,0.0,0.0
39.04,8.744,461.1,54.42,269.9,83.9,0,0.0,0.0,0.0
39.08,8.762,461.67,54.43,270.1,83.89,0,0.0,0.0,0.0
39.12,8.781,462.25,54.43,270.1,83.89,0,0.0,0.0,0.0
39.18,8.808,463.1,54.44,269.7,83.88,0,0.0,0.0,0.0
39.2,8.827,463.68,54.44,270.1,83.87,0,0.0,0.0,0.0
39.28,8.854,464.54,54.45,270.7,83.86,0,0.0,0.0,0.0
39.34,8.882,465.41,54.46,270.8,83.85,0,0.0,0.0,0.0
39.36,8.891,465.7,54.46,270.5,83.85,0,0.0,0.0,0.0
39.42,8.919,466.56,54.46,271.0,83.84,0,0.0,0.0,0.0
39.48,8.947,467.43,54.47,270.9,83.83,0,0.0,0.0,0.0
39.52,8.966,468.01,54.47,270.9,83.82,0,0.0,0.0,0.0
39.58,8.994,468.89,54.47,271.2,83.81,0,0.0,0.0,0.0
39.64,9.022,469.76,54.47,270.9,83.8,0,0.0,0.0,0.0
39.66,9.031,470.05,54.47,270.4,83.8,0,0.0,0.0,0.0
39.74,9.068,471.22,54.47,271.1,83.79,0,0.0,0.0,0.0
39.78,9.087,471.8,54.47,271.2,83.78,0,0.0,0.0,0.0
39.82,9.106,472.39,54.47,271.0,83.77,0,0.0,0.0,0.0
39.88,9.134,473.27,54.47,270.8,83.76,0,0.0,0.0,0.0
39.9,9.153,473.86,54.47,270.6,83.76,0,0.0,0.0,0.0
39.98,9.181,474.74,54.47,271.3,83.75,0,0.0,0.0,0.0
40.04,9.21,475.63,54.46,270.5,83.74,0,0.0,0.0,0.0
40.06,9.219,475.92,54.46,270.7,83.74,0,0.0,0.0,0.0
40.12,9.248,476.81,54.46,271.5,83.73,0,0.0,0.0,0.0
40.18,9.276,477.7,54.45,271.8,83.72,0,0.0,0.0,0.0
40.2,9.295,478.29,54.45,271.4,83.71,0,0.0,0.0,0.0
40.28,9.324,479.19,54.44,271.8,83.7,0,0.0,0.0,0.0
40.34,9.352,480.08,54.43,271.5,83.69,0,0.0,0.0,0.0
40.36,9.362,480.38,54.43,271.2,83.69,0,0.0,0.0,0.0
40.42,9.39,481.28,54.42,271.5,83.68,0,0.0,0.0,0.0
40.46,9.41,481.88,54.42,271.5,83.67,0,0.0,0.0,0.0
40.52,9.438,482.77,54.41,271.1,83.66,0,0.0,0.0,0.0
40.58,9.467,483.68,54.4,272.3,83.65,0,0.0,0.0,0.0
40.6,9.486,484.28,54.39,271.9,83.64,0,0.0,0.0,0.0
40.68,9.515,485.19,54.38,272.0,83.64,0,0.0,0.0,0.0
40.74,9.544,486.09,54.36,271.5,83.63,0,0.0,0.0,0.0
40.76,9.554,486.4,54.36,272.4,83.62,0,0.0,0.0,0.0
40.82,9.583,487.31,54.34,272.1,83.61,0,0.0,0.0,0.0
40.88,9.612,488.21,54.33,272.0,83.6,0,0.0,0.0,0.0
40.9,9.622,488.52,54.32,272.2,83.6,0,0.0,0.0,0.0
40.98,9.661,489.74,54.3,272.3,83.59,0,0.0,0.0,0.0
41.04,9.69,490.65,54.29,272.5,83.58,0,0.0,0.0,0.0
41.06,9.7,490.96,54.28,272.2,83.58,0,0.0,0.0,0.0
41.12,9.729,491.88,54.26,272.4,83.57,0,0.0,0.0,0.0
41.18,9.758,492.79,54.24,271.6,83.56,0,0.0,0.0,0.0
41.2,9.778,493.41,54.23,271.9,83.55,0,0.0,0.0,0.0
41.28,9.807,494.33,54.21,272.8,83.54,0,0.0,0.0,0.0
41.34,9.837,495.26,54.19,271.8,83.53,0,0.0,0.0,0.0
41.36,9.847,495.56,54.18,272.2,83.53,0,0.0,0.0,0.0
41.42,9.876,496.49,54.16,271.8,83.52,0,0.0,0.0,0.0
41.48,9.906,497.42,54.14,272.1,83.51,0,0.0,0.0,0.0
41.5,9.926,498.04,54.12,271.9,83.5,0,0.0,0.0,0.0
41.58,9.956,498.97,54.1,272.9,83.49,0,0.0,0.0,0.0
41.64,9.985,499.91,54.07,272.7,83.49,0,0.0,0.0,0.0
41.66,9.995,500.22,54.06,272.1,83.48,0,0.0,0.0,0.0
41.72,10.025,501.15,54.04,273.0,83.47,0,0.0,0.0,0.0
41.78,10.055,502.09,54.01,272.6,83.46,0,0.0,0.0,0.0
41.8,10.065,502.41,54.0,273.1,83.46,0,0.0,0.0,0.0
41.88,10.105,503.66,53.97,272.7,83.45,0,0.0,0.0,0.0
41.9,10.115,503.98,53.96,273.1,83.44,0,0.0,0.0,0.0
41.98,10.155,505.24,53.92,272.3,83.43,0,0.0,0.0,0.0
42.0,10.175,505.87,53.9,272.6,83.42,0,0.0,0.0,0.0
42.06,10.195,506.5,53.88,273.4,83.42,0,0.0,0.0,0.0
42.12,10.226,507.45,53.85,272.6,83.41,0,0.0,0.0,0.0
42.14,10.246,508.09,53.83,273.6,83.4,0,0.0,0.0,0.0
42.22,10.276,509.04,53.79,273.2,83.39,0,0.0,0.0,0.0
42.28,10.307,510.0,53.76,273.2,83.38,0,0.0,0.0,0.0
42.3,10.327,510.64,53.74,273.3,83.38,0,0.0,0.0,0.0
42.36,10.347,511.28,53.72,273.8,83.37,0,0.0,0.0,0.0
42.42,10.378,512.24,53.68,272.7,83.36,0,0.0,0.0,0.0
42.46,10.398,512.89,53.66,273.9,83.36,0,0.0,0.0,0.0
42.52,10.429,513.85,53.62,273.9,83.35,0,0.0,0.0,0.0
42.58,10.459,514.82,53.59,273.2,83.34,0,0.0,0.0,0.0
42.6,10.47,515.14,53.57,273.9,83.33,0,0.0,0.0,0.0
42.66,10.5,516.12,53.54,274.1,83.33,0,0.0,0.0,0.0
42.72,10.531,517.09,53.5,273.1,83.32,0,0.0,0.0,0.0
42.76,10.552,517.74,53.47,273.9,83.31,0,0.0,0.0,0.0
42.82,10.583,518.71,53.44,274.2,83.3,0,0.0,0.0,0.0
42.84,10.603,519.37,53.41,274.0,83.29,0,0.0,0.0,0.0
42.92,10.634,520.35,53.37,274.4,83.28,0,0.0,0.0,0.0
42.96,10.655,521.0,53.34,273.2,83.28,0,0.0,0.0,0.0
43.02,10.686,521.99,53.3,273.7,83.27,0,0.0,0.0,0.0
43.06,10.707,522.64,53.27,273.7,83.26,0,0.0,0.0,0.0
43.12,10.738,523.63,53.23,274.6,83.25,0,0.0,0.0,0.0
43.14,10.759,524.29,53.2,274.1,83.25,0,0.0,0.0,0.0
43.2,10.78,524.95,53.17,274.5,83.24,0,0.0,0.0,0.0
43.26,10.811,525.94,53.13,274.0,83.23,0,0.0,0.0,0.0
43.32,10.842,526.93,53.08,274.0,83.22,0,0.0,0.0,0.0
43.36,10.863,527.6,53.05,274.4,83.22,0,0.0,0.0,0.0
43.42,10.895,528.6,53.01,274.7,83.21,0,0.0,0.0,0.0
43.48,10.926,529.6,52.96,274.0,83.2,0,0.0,0.0,0.0
43.5,10.937,529.93,52.94,273.9,83.19,0,0.0,0.0,0.0
43.56,10.968,530.93,52.9,274.7,83.19,0,0.0,0.0,0.0
43.62,11.0,531.94,52.85,274.3,83.18,0,0.0,0.0,0.0
43.66,11.021,532.61,52.82,274.5,83.17,0,0.0,0.0,0.0
43.72,11.053,533.62,52.77,274.3,83.16,0,0.0,0.0,0.0
43.74,11.074,534.29,52.73,274.7,83.15,0,0.0,0.0,0.0
43.8,11.095,534.97,52.7,274.0,83.15,0,0.0,0.0,0.0
43.86,11.127,535.98,52.65,274.4,83.14,0,0.0,0.0,0.0
43.9,11.149,536.65,52.61,274.5,83.13,0,0.0,0.0,0.0
43.96,11.181,537.67,52.56,274.7,83.12,0,0.0,0.0,0.0
44.02,11.213,538.69,52.51,273.9,83.11,0,0.0,0.0,0.0
44.04,11.234,539.37,52.47,274.7,83.11,0,0.0,0.0,0.0
44.12,11.266,540.39,52.42,274.1,83.1,0,0.0,0.0,0.0
44.18,11.299,541.41,52.36,274.5,83.09,0,0.0,0.0,0.0
44.2,11.309,541.76,52.34,274.9,83.09,0,0.0,0.0,0.0
44.26,11.342,542.79,52.29,275.2,83.08,0,0.0,0.0,0.0
44.3,11.363,543.47,52.25,274.5,83.07,0,0.0,0.0,0.0
44.36,11.396,544.5,52.2,274.3,83.06,0,0.0,0.0,0.0
44.4,11.417,545.2,52.16,275.3,83.06,0,0.0,0.0,0.0
44.46,11.45,546.23,52.1,274.6,83.05,0,0.0,0.0,0.0
44.48,11.461,546.57,52.08,274.9,83.04,0,0.0,0.0,0.0
44.56,11.504,547.96,52.0,274.9,83.03,0,0.0,0.0,0.0
44.6,11.526,548.66,51.96,275.1,83.03,0,0.0,0.0,0.0
44.62,11.537,549.01,51.94,275.5,83.02,0,0.0,0.0,0.0
44.7,11.58,550.4,51.86,275.6,83.01,0,0.0,0.0,0.0
44.72,11.602,551.1,51.82,275.3,83.01,0,0.0,0.0,0.0
44.78,11.624,551.8,51.78,274.7,83.0,0,0.0,0.0,0.0
44.84,11.657,552.85,51.72,275.7,82.99,0,0.0,0.0,0.0
44.86,11.679,553.55,51.68,275.5,82.99,0,0.0,0.0,0.0
44.94,11.712,554.61,51.62,275.0,82.98,0,0.0,0.0,0.0
45.0,11.745,555.67,51.56,275.9,82.97,0,0.0,0.0,0.0
45.02,11.756,556.02,51.54,275.5,82.96,0,0.0,0.0,0.0
45.08,11.789,557.09,51.47,275.0,82.95,0,0.0,0.0,0.0
45.14,11.823,558.15,51.41,275.3,82.95,0,0.0,0.0,0.0
45.18,11.845,558.86,51.37,275.4,82.94,0,0.0,0.0,0.0
45.24,11.878,559.93,51.3,276.0,82.93,0,0.0,0.0,0.0
45.26,11.9,560.64,51.26,275.9,82.92,0,0.0,0.0,0.0
45.34,11.934,561.71,51.19,275.7,82.92,0,0.0,0.0,0.0
45.4,11.967,562.79,51.13,276.1,82.91,0,0.0,0.0,0.0
45.42,11.978,563.15,51.11,276.1,82.9,0,0.0,0.0,0.0
45.48,12.012,564.22,51.04,275.4,82.89,0,0.0,0.0,0.0
45.54,12.046,565.3,50.97,275.4,82.89,0,0.0,0.0,0.0
45.56,12.068,566.03,50.93,276.2,82.88,0,0.0,0.0,0.0
45.64,12.102,567.11,50.86,276.0,82.87,0,0.0,0.0,0.0
45.7,12.136,568.2,50.79,276.1,82.86,0,0.0,0.0,0.0
45.72,12.147,568.56,50.77,275.6,82.86,0,0.0,0.0,0.0
45.78,12.181,569.65,50.7,275.7,82.85,0,0.0,0.0,0.0
45.84,12.215,570.74,50.63,275.9,82.84,0,0.0,0.0,0.0
45.88,12.237,571.47,50.58,276.3,82.84,0,0.0,0.0,0.0
45.94,12.272,572.57,50.51,276.4,82.83,0,0.0,0.0,0.0
46.0,12.306,573.66,50.44,276.1,82.82,0,0.0,0.0,0.0
46.02,12.317,574.03,50.41,276.4,82.82,0,0.0,0.0,0.0
46.08,12.351,575.14,50.34,276.6,82.81,0,0.0,0.0,0.0
46.14,12.386,576.24,50.27,275.7,82.8,0,0.0,0.0,0.0
46.18,12.408,576.98,50.22,276.0,82.79,0,0.0,0.0,0.0
46.24,12.443,578.09,50.15,276.3,82.78,0,0.0,0.0,0.0
46.26,12.466,578.83,50.1,276.3,82.78,0,0.0,0.0,0.0
46.32,12.489,579.57,50.05,276.5,82.77,0,0.0,0.0,0.0
46.38,12.523,580.69,49.98,276.9,82.76,0,0.0,0.0,0.0
46.44,12.558,581.8,49.9,275.9,82.75,0,0.0,0.0,0.0
46.48,12.581,582.55,49.85,276.1,82.75,0,0.0,0.0,0.0
46.54,12.616,583.67,49.78,276.8,82.74,0,0.0,0.0,0.0
46.56,12.639,584.43,49.73,276.8,82.73,0,0.0,0.0,0.0
46.62,12.662,585.18,49.68,276.6,82.73,0,0.0,0.0,0.0
46.68,12.697,586.3,49.6,277.1,82.72,0,0.0,0.0,0.0
46.72,12.72,587.06,49.55,276.7,82.71,0,0.0,0.0,0.0
46.78,12.755,588.19,49.47,277.2,82.7,0,0.0,0.0,0.0
46.84,12.79,589.33,49.39,277.1,82.69,0,0.0,0.0,0.0
46.86,12.814,590.09,49.34,277.1,82.69,0,0.0,0.0,0.0
46.94,12.849,591.23,49.26,277.1,82.68,0,0.0,0.0,0.0
46.98,12.872,591.99,49.21,276.7,82.67,0,0.0,0.0,0.0
47.02,12.896,592.75,49.16,276.7,82.67,0,0.0,0.0,0.0
47.08,12.931,593.9,49.08,276.9,82.66,0,0.0,0.0,0.0
47.14,12.967,595.05,49.0,277.5,82.65,0,0.0,0.0,0.0
47.16,12.979,595.43,48.97,277.4,82.65,0,0.0,0.0,0.0
47.24,13.026,596.97,48.86,277.5,82.64,0,0.0,0.0,0.0
47.3,13.061,598.13,48.78,277.6,82.63,0,0.0,0.0,0.0
47.32,13.073,598.51,48.75,277.8,82.62,0,0.0,0.0,0.0
47.38,13.109,599.67,48.67,277.8,82.62,0,0.0,0.0,0.0
47.44,13.145,600.83,48.59,277.0,82.61,0,0.0,0.0,0.0
47.46,13.157,601.22,48.56,277.3,82.6,0,0.0,0.0,0.0
47.54,13.204,602.78,48.45,277.4,82.59,0,0.0,0.0,0.0
47.56,13.228,603.56,48.39,277.7,82.59,0,0.0,0.0,0.0
47.62,13.252,604.34,48.33,277.5,82.58,0,0.0,0.0,0.0
47.68,13.288,605.51,48.25,277.6,82.57,0,0.0,0.0,0.0
47.7,13.312,606.3,48.19,277.6,82.56,0,0.0,0.0,0.0
47.78,13.348,607.47,48.11,277.2,82.55,0,0.0,0.0,0.0
47.84,13.385,608.65,48.02,277.7,82.55,0,0.0,0.0,0.0
47.86,13.397,609.05,47.99,277.0,82.54,0,0.0,0.0,0.0
47.92,13.433,610.23,47.9,277.9,82.53,0,0.0,0.0,0.0
47.98,13.469,611.42,47.82,277.9,82.53,0,0.0,0.0,0.0
48.02,13.494,612.21,47.76,277.8,82.52,0,0.0,0.0,0.0
48.08,13.53,613.4,47.67,277.4,82.51,0,0.0,0.0,0.0
48.1,13.554,614.19,47.61,277.4,82.51,0,0.0,0.0,0.0
48.18,13.591,615.39,47.52,277.2,82.5,0,0.0,0.0,0.0
48.24,13.628,616.59,47.43,278.1,82.49,0,0.0,0.0,0.0
48.26,13.652,617.39,47.37,278.0,82.49,0,0.0,0.0,0.0
48.32,13.677,618.19,47.31,277.8,82.48,0,0.0,0.0,0.0
48.38,13.714,619.4,47.22,278.1,82.47,0,0.0,0.0,0.0
48.4,13.726,619.8,47.19,277.6,82.47,0,0.0,0.0,0.0
48.48,13.775,621.41,47.07,278.1,82.46,0,0.0,0.0,0.0
48.52,13.8,622.22,47.01,278.4,82.45,0,0.0,0.0,0.0
48.54,13.824,623.03,46.95,277.4,82.45,0,0.0,0.0,0.0
48.62,13.862,624.25,46.86,278.1,82.44,0,0.0,0.0,0.0
48.64,13.886,625.06,46.8,278.3,82.43,0,0.0,0.0,0.0
48.72,13.924,626.29,46.7,278.2,82.42,0,0.0,0.0,0.0
48.74,13.936,626.69,46.67,278.6,82.42,0,0.0,0.0,0.0
48.82,13.986,628.33,46.55,278.0,82.41,0,0.0,0.0,0.0
48.84,13.998,628.74,46.52,278.2,82.4,0,0.0,0.0,0.0
48.92,14.048,630.39,46.39,278.6,82.39,0,0.0,0.0,0.0
48.94,14.061,630.8,46.36,277.9,82.39,0,0.0,0.0,0.0
49.0,14.098,632.03,46.27,278.1,82.38,0,0.0,0.0,0.0
49.04,14.123,632.86,46.21,278.8,82.38,0,0.0,0.0,0.0
49.1,14.161,634.1,46.11,278.6,82.37,0,0.0,0.0,0.0
49.14,14.186,634.93,46.05,278.5,82.36,0,0.0,0.0,0.0
49.2,14.224,636.18,45.95,278.0,82.36,0,0.0,0.0,0.0
49.24,14.249,637.01,45.89,279.0,82.35,0,0.0,0.0,0.0
49.3,14.287,638.27,45.79,279.1,82.34,0,0.0,0.0,0.0
49.32,14.3,638.68,45.76,278.8,82.34,0,0.0,0.0,0.0
49.4,14.351,640.36,45.63,278.5,82.33,0,0.0,0.0,0.0
49.42,14.363,640.78,45.6,279.2,82.33,0,0.0,0.0,0.0
49.5,14.414,642.46,45.47,278.8,82.32,0,0.0,0.0,0.0
49.52,14.44,643.31,45.41,278.9,82.31,0,0.0,0.0,0.0
49.52,14.44,643.31,45.41,278.9,82.31,0,0.0,0.0,0.0
49.6,14.478,644.58,45.31,278.3,82.3,0,0.0,0.0,0.0
49.66,14.516,645.85,45.21,278.4,82.29,0,0.0,0.0,0.0
49.68,14.529,646.27,45.18,278.7,82.29,0,0.0,0.0,0.0
49.76,14.581,647.97,45.05,279.0,82.28,0,0.0,0.0,0.0
49.78,14.606,648.82,44.99,278.5,82.27,0,0.0,0.0,0.0
49.84,14.632,649.68,44.92,278.7,82.27,0,0.0,0.0,0.0
49.9,14.671,650.96,44.82,278.9,82.26,0,0.0,0.0,0.0
49.92,14.696,651.81,44.76,278.3,82.25,0,0.0,0.0,0.0
50.0,14.735,653.1,44.66,278.3,82.24,0,0.0,0.0,0.0
50.06,14.774,654.39,44.56,279.3,82.23,0,0.0,0.0,0.0
50.08,14.8,655.25,44.49,278.5,82.23,0,0.0,0.0,0.0
50.14,14.826,656.11,44.43,278.4,82.22,0,0.0,0.0,0.0
50.2,14.865,657.41,44.33,278.6,82.21,0,0.0,0.0,0.0
50.24,14.891,658.28,44.26,278.9,82.21,0,0.0,0.0,0.0
50.3,14.93,659.59,44.16,279.5,82.2,0,0.0,0.0,0.0
50.32,14.957,660.46,44.09,279.0,82.19,0,0.0,0.0,0.0
50.38,14.983,661.33,44.03,278.8,82.19,0,0.0,0.0,0.0
50.44,15.022,662.64,43.93,278.7,82.18,0,0.0,0.0,0.0
50.48,15.049,663.51,43.86,278.7,82.18,0,0.0,0.0,0.0
50.54,15.088,664.83,43.76,279.3,82.17,0,0.0,0.0,0.0
50.6,15.128,666.15,43.66,279.1,82.16,0,0.0,0.0,0.0
50.62,15.141,666.59,43.62,279.4,82.16,0,0.0,0.0,0.0
50.7,15.194,668.35,43.49,278.7,82.15,0,0.0,0.0,0.0
50.72,15.22,669.24,43.42,278.8,82.14,0,0.0,0.0,0.0
50.78,15.247,670.13,43.35,279.9,82.14,0,0.0,0.0,0.0
50.84,15.287,671.46,43.25,279.2,82.13,0,0.0,0.0,0.0
50.88,15.313,672.36,43.18,279.4,82.12,0,0.0,0.0,0.0
50.94,15.353,673.69,43.07,280.1,82.12,0,0.0,0.0,0.0
51.0,15.393,675.04,42.97,279.1,82.11,0,0.0,0.0,0.0
51.02,15.407,675.49,42.94,280.1,82.1,0,0.0,0.0,0.0
51.08,15.447,676.84,42.83,280.1,82.09,0,0.0,0.0,0.0
51.14,15.487,678.19,42.73,279.2,82.09,0,0.0,0.0,0.0
51.18,15.514,679.09,42.66,279.9,82.08,0,0.0,0.0,0.0
51.24,15.555,680.45,42.55,279.2,82.07,0,0.0,0.0,0.0
51.26,15.582,681.36,42.48,279.9,82.07,0,0.0,0.0,0.0
51.34,15.622,682.72,42.37,280.2,82.06,0,0.0,0.0,0.0
51.4,15.663,684.09,42.27,280.3,82.05,0,0.0,0.0,0.0
51.42,15.676,684.55,42.23,280.1,82.05,0,0.0,0.0,0.0
51.48,15.717,685.93,42.12,280.0,82.04,0,0.0,0.0,0.0
51.54,15.758,687.3,42.02,280.3,82.03,0,0.0,0.0,0.0
51.58,15.785,688.22,41.94,279.9,82.02,0,0.0,0.0,0.0
51.64,15.826,689.6,41.84,279.8,82.02,0,0.0,0.0,0.0
51.66,15.853,690.53,41.76,280.2,82.01,0,0.0,0.0,0.0
51.74,15.895,691.92,41.66,279.7,82.0,0,0.0,0.0,0.0
51.78,15.922,692.85,41.58,280.6,82.0,0,0.0,0.0,0.0
51.82,15.949,693.78,41.51,280.8,81.99,0,0.0,0.0,0.0
51.88,15.991,695.18,41.4,280.5,81.98,0,0.0,0.0,0.0
51.94,16.032,696.58,41.29,279.6,81.98,0,0.0,0.0,0.0
51.96,16.046,697.05,41.26,280.3,81.97,0,0.0,0.0,0.0
52.04,16.101,698.93,41.11,280.5,81.96,0,0.0,0.0,0.0
52.06,16.129,699.87,41.04,279.9,81.96,0,0.0,0.0,0.0
52.12,16.157,700.81,40.97,280.6,81.95,0,0.0,0.0,0.0
52.18,16.198,702.23,40.86,279.8,81.94,0,0.0,0.0,0.0
52.22,16.226,703.17,40.78,280.3,81.94,0,0.0,0.0,0.0
52.28,16.268,704.6,40.67,280.7,81.93,0,0.0,0.0,0.0
52.34,16.31,706.02,40.56,279.9,81.92,0,0.0,0.0,0.0
52.36,16.324,706.49,40.53,279.8,81.92,0,0.0,0.0,0.0
52.42,16.366,707.93,40.42,281.0,81.91,0,0.0,0.0,0.0
52.48,16.408,709.36,40.3,280.9,81.9,0,0.0,0.0,0.0
52.52,16.436,710.32,40.23,280.3,81.9,0,0.0,0.0,0.0
52.58,16.479,711.77,40.12,280.9,81.89,0,0.0,0.0,0.0
52.6,16.507,712.73,40.05,280.8,81.88,0,0.0,0.0,0.0
52.68,16.549,714.18,39.94,280.8,81.88,0,0.0,0.0,0.0
52.74,16.592,715.64,39.83,280.3,81.87,0,0.0,0.0,0.0
52.76,16.606,716.12,39.79,281.1,81.87,0,0.0,0.0,0.0
52.82,16.648,717.58,39.68,280.7,81.86,0,0.0,0.0,0.0
52.88,16.691,719.04,39.57,281.0,81.85,0,0.0,0.0,0.0
52.9,16.72,720.02,39.49,280.0,81.84,0,0.0,0.0,0.0
52.98,16.762,721.48,39.38,280.7,81.83,0,0.0,0.0,0.0
53.0,16.791,722.47,39.31,280.7,81.83,0,0.0,0.0,0.0
53.06,16.82,723.45,39.23,280.6,81.82,0,0.0,0.0,0.0
53.12,16.863,724.93,39.12,280.8,81.81,0,0.0,0.0,0.0
53.16,16.891,725.91,39.05,280.5,81.81,0,0.0,0.0,0.0
53.22,16.935,727.39,38.93,281.2,81.8,0,0.0,0.0,0.0
53.28,16.978,728.88,38.82,280.9,81.79,0,0.0,0.0,0.0
53.3,16.992,729.38,38.78,280.5,81.79,0,0.0,0.0,0.0
53.38,17.05,731.37,38.63,280.7,81.78,0,0.0,0.0,0.0
53.4,17.079,732.37,38.56,280.9,81.77,0,0.0,0.0,0.0
53.46,17.108,733.37,38.48,281.1,81.77,0,0.0,0.0,0.0
53.52,17.152,734.87,38.37,281.5,81.76,0,0.0,0.0,0.0
53.56,17.181,735.88,38.3,281.6,81.76,0,0.0,0.0,0.0
53.62,17.225,737.38,38.18,281.0,81.75,0,0.0,0.0,0.0
53.68,17.269,738.9,38.07,281.2,81.74,0,0.0,0.0,0.0
53.7,17.283,739.4,38.03,280.8,81.74,0,0.0,0.0,0.0
53.76,17.327,740.92,37.92,281.5,81.73,0,0.0,0.0,0.0
53.82,17.371,742.45,37.81,281.3,81.72,0,0.0,0.0,0.0
53.86,17.401,743.46,37.73,280.8,81.72,0,0.0,0.0,0.0
53.92,17.445,744.99,37.62,281.3,81.71,0,0.0,0.0,0.0
53.94,17.474,746.01,37.54,280.8,81.7,0,0.0,0.0,0.0
54.02,17.519,747.55,37.43,281.6,81.7,0,0.0,0.0,0.0
54.08,17.563,749.09,37.31,281.4,81.69,0,0.0,0.0,0.0
54.1,17.578,749.6,37.27,281.0,81.68,0,0.0,0.0,0.0
54.16,17.623,751.15,37.16,280.8,81.68,0,0.0,0.0,0.0
54.22,17.667,752.69,37.05,281.0,81.67,0,0.0,0.0,0.0
54.24,17.682,753.21,37.01,281.0,81.67,0,0.0,0.0,0.0
54.32,17.742,755.29,36.86,281.0,81.65,0,0.0,0.0,0.0
54.34,17.772,756.33,36.78,281.6,81.65,0,0.0,0.0,0.0
54.4,17.802,757.37,36.7,282.0,81.64,0,0.0,0.0,0.0
54.46,17.847,758.94,36.59,281.3,81.63,0,0.0,0.0,0.0
54.5,17.877,759.98,36.51,281.5,81.63,0,0.0,0.0,0.0
54.56,17.922,761.56,36.4,281.4,81.62,0,0.0,0.0,0.0
54.62,17.967,763.14,36.29,281.5,81.61,0,0.0,0.0,0.0
54.64,17.982,763.66,36.25,281.2,81.61,0,0.0,0.0,0.0
54.72,18.043,765.78,36.1,282.1,81.6,0,0.0,0.0,0.0
54.74,18.073,766.84,36.02,282.0,81.59,0,0.0,0.0,0.0
54.8,18.104,767.91,35.94,282.2,81.59,0,0.0,0.0,0.0
54.86,18.149,769.5,35.83,281.2,81.58,0,0.0,0.0,0.0
54.9,18.18,770.57,35.75,282.0,81.58,0,0.0,0.0,0.0
54.96,18.226,772.17,35.64,281.7,81.57,0,0.0,0.0,0.0
55.02,18.272,773.78,35.53,282.1,81.56,0,0.0,0.0,0.0
55.04,18.287,774.32,35.49,281.9,81.56,0,0.0,0.0,0.0
55.1,18.333,775.93,35.37,282.4,81.55,0,0.0,0.0,0.0
55.16,18.379,777.55,35.26,281.9,81.54,0,0.0,0.0,0.0
55.2,18.41,778.63,35.18,281.8,81.54,0,0.0,0.0,0.0
55.26,18.456,780.26,35.07,282.3,81.53,0,0.0,0.0,0.0
55.28,18.487,781.34,34.99,282.1,81.53,0,0.0,0.0,0.0
55.36,18.533,782.97,34.88,281.3,81.52,0,0.0,0.0,0.0
55.42,18.58,784.61,34.76,282.3,81.51,0,0.0,0.0,0.0
55.44,18.596,785.15,34.72,281.4,81.51,0,0.0,0.0,0.0
55.5,18.642,786.79,34.61,282.1,81.5,0,0.0,0.0,0.0
55.56,18.689,788.44,34.5,282.2,81.49,0,0.0,0.0,0.0
55.6,18.72,789.54,34.42,281.6,81.49,0,0.0,0.0,0.0
55.66,18.767,791.19,34.31,281.5,81.48,0,0.0,0.0,0.0
55.68,18.798,792.29,34.23,281.6,81.48,0,0.0,0.0,0.0
55.74,18.83,793.4,34.15,282.2,81.47,0,0.0,0.0,0.0
55.8,18.877,795.07,34.04,281.8,81.46,0,0.0,0.0,0.0
55.86,18.924,796.74,33.92,282.3,81.45,0,0.0,0.0,0.0
55.9,18.956,797.85,33.85,282.1,81.45,0,0.0,0.0,0.0
55.96,19.003,799.52,33.73,282.1,81.44,0,0.0,0.0,0.0
55.98,19.035,800.64,33.66,282.2,81.44,0,0.0,0.0,0.0
56.06,19.082,802.33,33.54,282.6,81.43,0,0.0,0.0,0.0
56.12,19.13,804.01,33.43,282.4,81.42,0,0.0,0.0,0.0
56.14,19.146,804.58,33.39,282.3,81.42,0,0.0,0.0,0.0
56.2,19.194,806.27,33.28,282.0,81.41,0,0.0,0.0,0.0
56.24,19.226,807.4,33.2,281.9,81.4,0,0.0,0.0,0.0
56.3,19.274,809.1,33.09,281.9,81.4,0,0.0,0.0,0.0
56.36,19.322,810.8,32.97,281.8,81.39,0,0.0,0.0,0.0
56.38,19.354,811.94,32.9,282.7,81.38,0,0.0,0.0,0.0
56.46,19.402,813.65,32.78,281.8,81.37,0,0.0,0.0,0.0
56.48,19.434,814.8,32.71,282.9,81.37,0,0.0,0.0,0.0
56.54,19.467,815.95,32.63,282.2,81.36,0,0.0,0.0,0.0
56.6,19.515,817.67,32.52,281.8,81.36,0,0.0,0.0,0.0
56.62,19.548,818.82,32.44,281.9,81.35,0,0.0,0.0,0.0
56.7,19.596,820.55,32.33,282.9,81.34,0,0.0,0.0,0.0
56.76,19.645,822.28,32.21,281.9,81.34,0,0.0,0.0,0.0
56.78,19.661,822.86,32.18,281.8,81.33,0,0.0,0.0,0.0
56.84,19.71,824.6,32.06,282.5,81.33,0,0.0,0.0,0.0
56.9,19.759,826.35,31.95,282.1,81.32,0,0.0,0.0,0.0
56.94,19.792,827.52,31.87,282.7,81.31,0,0.0,0.0,0.0
57.0,19.841,829.27,31.76,282.6,81.31,0,0.0,0.0,0.0
57.02,19.874,830.44,31.68,282.7,81.3,0,0.0,0.0,0.0
57.1,19.923,832.21,31.57,282.6,81.29,0,0.0,0.0,0.0
57.16,19.973,833.98,31.46,282.4,81.29,0,0.0,0.0,0.0
57.18,20.006,835.16,31.38,282.4,81.28,0,0.0,0.0,0.0
57.24,20.039,836.34,31.31,281.9,81.28,0,0.0,0.0,0.0
57.3,20.088,838.12,31.19,282.6,81.27,0,0.0,0.0,0.0
57.32,20.105,838.71,31.16,282.4,81.27,0,0.0,0.0,0.0
57.4,20.171,841.09,31.01,282.2,81.26,0,0.0,0.0,0.0
57.46,20.221,842.88,30.89,282.4,81.25,0,0.0,0.0,0.0
57.48,20.238,843.47,30.86,282.2,81.25,0,0.0,0.0,0.0
57.54,20.288,845.27,30.74,282.3,81.24,0,0.0,0.0,0.0
57.6,20.338,847.07,30.63,282.7,81.23,0,0.0,0.0,0.0
57.62,20.372,848.27,30.56,283.1,81.23,0,0.0,0.0,0.0
57.7,20.422,850.08,30.44,282.8,81.22,0,0.0,0.0,0.0
57.76,20.473,851.9,30.33,282.7,81.22,0,0.0,0.0,0.0
57.8,20.506,853.11,30.26,282.5,81.21,0,0.0,0.0,0.0
57.84,20.54,854.33,30.18,283.2,81.21,0,0.0,0.0,0.0
57.9,20.591,856.15,30.07,282.3,81.2,0,0.0,0.0,0.0
57.94,20.625,857.37,29.99,282.5,81.19,0,0.0,0.0,0.0
58.0,20.676,859.21,29.88,283.1,81.19,0,0.0,0.0,0.0
58.04,20.71,860.43,29.81,282.7,81.18,0,0.0,0.0,0.0
58.1,20.761,862.27,29.69,282.5,81.17,0,0.0,0.0,0.0
58.12,20.795,863.5,29.62,283.1,81.17,0,0.0,0.0,0.0
58.18,20.829,864.73,29.55,282.7,81.16,0,0.0,0.0,0.0
58.24,20.881,866.59,29.43,283.3,81.15,0,0.0,0.0,0.0
58.3,20.932,868.45,29.32,282.8,81.15,0,0.0,0.0,0.0
58.32,20.949,869.06,29.29,282.4,81.14,0,0.0,0.0,0.0
58.4,21.018,871.55,29.14,282.9,81.13,0,0.0,0.0,0.0
58.44,21.053,872.79,29.06,282.3,81.13,0,0.0,0.0,0.0
58.48,21.087,874.04,28.99,282.3,81.12,0,0.0,0.0,0.0
58.54,21.139,875.92,28.88,282.7,81.11,0,0.0,0.0,0.0
58.6,21.191,877.8,28.77,282.8,81.11,0,0.0,0.0,0.0
58.62,21.226,879.05,28.69,282.3,81.1,0,0.0,0.0,0.0
58.7,21.278,880.94,28.58,283.3,81.09,0,0.0,0.0,0.0
58.72,21.313,882.21,28.51,282.8,81.09,0,0.0,0.0,0.0
58.78,21.348,883.47,28.43,282.9,81.08,0,0.0,0.0,0.0
58.84,21.4,885.38,28.32,283.0,81.08,0,0.0,0.0,0.0
58.9,21.453,887.29,28.21,283.3,81.07,0,0.0,0.0,0.0
58.92,21.47,887.92,28.17,282.5,81.07,0,0.0,0.0,0.0
59.0,21.541,890.48,28.03,283.5,81.06,0,0.0,0.0,0.0
59.06,21.593,892.41,27.92,283.7,81.05,0,0.0,0.0,0.0
59.08,21.611,893.05,27.88,283.3,81.05,0,0.0,0.0,0.0
59.14,21.664,894.98,27.77,283.6,81.04,0,0.0,0.0,0.0
59.2,21.717,896.91,27.66,282.8,81.03,0,0.0,0.0,0.0
59.26,21.771,898.85,27.55,282.7,81.03,0,0.0,0.0,0.0
59.28,21.788,899.49,27.51,282.9,81.03,0,0.0,0.0,0.0
59.34,21.842,901.44,27.4,283.4,81.02,0,0.0,0.0,0.0
59.4,21.895,903.39,27.29,283.5,81.01,0,0.0,0.0,0.0
59.42,21.931,904.69,27.21,283.0,81.01,0,0.0,0.0,0.0
59.5,21.985,906.65,27.1,283.5,81.0,0,0.0,0.0,0.0
59.56,22.038,908.62,26.99,283.1,80.99,0,0.0,0.0,0.0
59.6,22.074,909.93,26.92,283.3,80.99,0,0.0,0.0,0.0
59.64,22.11,911.25,26.84,283.4,80.98,0,0.0,0.0,0.0
59.7,22.165,913.22,26.73,283.1,80.98,0,0.0,0.0,0.0
59.76,22.219,915.2,26.62,282.6,80.97,0,0.0,0.0,0.0
59.78,22.237,915.86,26.59,283.4,80.97,0,0.0,0.0,0.0
59.84,22.291,917.85,26.48,283.4,80.96,0,0.0,0.0,0.0
59.9,22.346,919.84,26.36,282.7,80.95,0,0.0,0.0,0.0
59.92,22.382,921.17,26.29,283.0,80.95,0,0.0,0.0,0.0
60.0,22.437,923.17,26.18,283.7,80.94,0,0.0,0.0,0.0
60.06,22.492,925.17,26.07,282.6,80.93,0,0.0,0.0,0.0
60.08,22.51,925.84,26.03,283.6,80.93,0,0.0,0.0,0.0
60.14,22.565,927.86,25.92,283.7,80.92,0,0.0,0.0,0.0
60.2,22.62,929.88,25.81,283.6,80.91,0,0.0,0.0,0.0
60.24,22.657,931.22,25.74,282.7,80.91,0,0.0,0.0,0.0
60.3,22.712,933.24,25.63,282.7,80.9,0,0.0,0.0,0.0
60.36,22.767,935.27,25.52,282.9,80.9,0,0.0,0.0,0.0
60.38,22.786,935.95,25.48,282.8,80.89,0,0.0,0.0,0.0
60.44,22.841,937.98,25.37,283.1,80.89,0,0.0,0.0,0.0
60.5,22.897,940.03,25.26,283.5,80.88,0,0.0,0.0,0.0
60.52,22.934,941.39,25.19,283.4,80.87,0,0.0,0.0,0.0
60.6,22.99,943.44,25.08,283.0,80.87,0,0.0,0.0,0.0
60.66,23.046,945.5,24.97,282.9,80.86,0,0.0,0.0,0.0
60.7,23.083,946.87,24.9,283.2,80.85,0,0.0,0.0,0.0
60.74,23.121,948.25,24.82,282.8,80.85,0,0.0,0.0,0.0
60.8,23.177,950.32,24.71,283.9,80.84,0,0.0,0.0,0.0
60.86,23.234,952.39,24.61,283.7,80.83,0,0.0,0.0,0.0
60.88,23.252,953.09,24.57,283.4,80.83,0,0.0,0.0,0.0
60.94,23.309,955.17,24.46,283.7,80.83,0,0.0,0.0,0.0
61.0,23.366,957.26,24.35,283.3,80.82,0,0.0,0.0,0.0
61.04,23.403,958.66,24.28,283.3,80.81,0,0.0,0.0,0.0
61.1,23.46,960.76,24.17,283.5,80.81,0,0.0,0.0,0.0
61.16,23.517,962.86,24.06,283.1,80.8,0,0.0,0.0,0.0
61.2,23.555,964.27,23.99,284.1,80.8,0,0.0,0.0,0.0
61.24,23.594,965.68,23.92,284.0,80.79,0,0.0,0.0,0.0
61.3,23.651,967.8,23.81,283.5,80.78,0,0.0,0.0,0.0
61.36,23.708,969.93,23.7,284.1,80.78,0,0.0,0.0,0.0
61.38,23.727,970.63,23.67,283.1,80.77,0,0.0,0.0,0.0
61.44,23.785,972.77,23.56,283.9,80.77,0,0.0,0.0,0.0
61.5,23.843,974.9,23.45,283.3,80.76,0,0.0,0.0,0.0
61.54,23.881,976.33,23.38,283.8,80.76,0,0.0,0.0,0.0
61.6,23.939,978.47,23.27,284.1,80.75,0,0.0,0.0,0.0
61.66,23.997,980.62,23.16,284.0,80.74,0,0.0,0.0,0.0
61.68,24.017,981.34,23.13,283.3,80.74,0,0.0,0.0,0.0
61.74,24.075,983.5,23.02,283.5,80.73,0,0.0,0.0,0.0
61.8,24.133,985.66,22.91,284.1,80.73,0,0.0,0.0,0.0
61.84,24.172,987.11,22.84,283.8,80.72,0,0.0,0.0,0.0
61.9,24.231,989.28,22.73,283.1,80.71,0,0.0,0.0,0.0
61.96,24.289,991.46,22.63,283.8,80.71,0,0.0,0.0,0.0
61.98,24.329,992.91,22.55,283.8,80.7,0,0.0,0.0,0.0
62.04,24.368,994.37,22.48,283.3,80.7,0,0.0,0.0,0.0
62.1,24.427,996.56,22.38,284.1,80.69,0,0.0,0.0,0.0
62.16,24.486,998.76,22.27,283.2,80.68,0,0.0,0.0,0.0
62.18,24.525,1000.23,22.2,283.6,80.68,0,0.0,0.0,0.0
62.24,24.565,1001.71,22.13,283.8,80.67,0,0.0,0.0,0.0
62.3,24.624,1003.92,22.02,284.1,80.67,0,0.0,0.0,0.0
62.36,24.684,1006.14,21.92,283.9,80.66,0,0.0,0.0,0.0
62.38,24.704,1006.88,21.88,283.9,80.66,0,0.0,0.0,0.0
62.46,24.783,1009.85,21.74,284.6,80.65,0,0.0,0.0,0.0
62.5,24.823,1011.34,21.67,283.6,80.64,0,0.0,0.0,0.0
62.54,24.863,1012.83,21.6,283.9,80.64,0,0.0,0.0,0.0
62.6,24.923,1015.08,21.49,284.5,80.63,0,0.0,0.0,0.0
62.66,24.984,1017.33,21.39,283.5,80.62,0,0.0,0.0,0.0
62.7,25.024,1018.83,21.32,284.3,80.62,0,0.0,0.0,0.0
62.74,25.064,1020.34,21.25,284.1,80.62,0,0.0,0.0,0.0
62.8,25.125,1022.6,21.14,284.4,80.61,0,0.0,0.0,0.0
62.86,25.185,1024.87,21.04,284.1,80.6,0,0.0,0.0,0.0
62.88,25.226,1026.38,20.97,283.8,80.6,0,0.0,0.0,0.0
62.94,25.266,1027.9,20.9,283.5,80.59,0,0.0,0.0,0.0
63.0,25.327,1030.18,20.79,284.0,80.58,0,0.0,0.0,0.0
63.06,25.388,1032.46,20.69,284.6,80.58,0,0.0,0.0,0.0
63.08,25.429,1033.99,20.62,283.5,80.57,0,0.0,0.0,0.0
63.14,25.47,1035.52,20.55,283.5,80.57,0,0.0,0.0,0.0
63.2,25.532,1037.82,20.44,283.9,80.56,0,0.0,0.0,0.0
63.26,25.593,1040.12,20.34,283.6,80.55,0,0.0,0.0,0.0
63.28,25.634,1041.66,20.27,283.9,80.55,0,0.0,0.0,0.0
63.34,25.675,1043.2,20.2,284.0,80.55,0,0.0,0.0,0.0
63.4,25.737,1045.52,20.1,284.0,80.54,0,0.0,0.0,0.0
63.46,25.799,1047.84,19.99,283.6,80.53,0,0.0,0.0,0.0
63.48,25.82,1048.62,19.96,283.7,80.53,0,0.0,0.0,0.0
63.56,25.903,1051.73,19.82,284.0,80.52,0,0.0,0.0,0.0
63.6,25.944,1053.28,19.75,283.6,80.52,0,0.0,0.0,0.0
63.66,26.007,1055.63,19.65,283.4,80.51,0,0.0,0.0,0.0
63.68,26.049,1057.2,19.58,284.2,80.51,0,0.0,0.0,0.0
63.76,26.111,1059.55,19.48,283.6,80.5,0,0.0,0.0,0.0
63.8,26.153,1061.12,19.41,283.9,80.49,0,0.0,0.0,0.0
63.86,26.216,1063.49,19.31,284.2,80.49,0,0.0,0.0,0.0
63.9,26.258,1065.06,19.24,283.4,80.48,0,0.0,0.0,0.0
63.96,26.321,1067.44,19.14,283.4,80.48,0,0.0,0.0,0.0
64.02,26.384,1069.82,19.04,284.6,80.47,0,0.0,0.0,0.0
64.08,26.469,1073.0,18.9,283.9,80.46,0,0.0,0.0,0.0
64.12,26.49,1073.8,18.87,284.6,80.46,0,0.0,0.0,0.0
64.16,26.533,1075.4,18.8,284.7,80.45,0,0.0,0.0,0.0
64.22,26.596,1077.81,18.7,283.7,80.45,0,0.0,0.0,0.0
64.28,26.66,1080.22,18.6,284.5,80.44,0,0.0,0.0,0.0
64.3,26.703,1081.82,18.53,284.0,80.44,0,0.0,0.0,0.0
64.36,26.746,1083.43,18.46,284.1,80.43,0,0.0,0.0,0.0
64.42,26.81,1085.85,18.36,283.5,80.42,0,0.0,0.0,0.0
64.48,26.874,1088.28,18.26,283.8,80.42,0,0.0,0.0,0.0
64.5,26.896,1089.09,18.23,283.6,80.42,0,0.0,0.0,0.0
64.58,26.982,1092.34,18.09,284.2,80.41,0,0.0,0.0,0.0
64.62,27.025,1093.97,18.02,283.7,80.4,0,0.0,0.0,0.0
64.66,27.068,1095.6,17.96,284.2,80.4,0,0.0,0.0,0.0
64.72,27.133,1098.05,17.86,283.9,80.39,0,0.0,0.0,0.0
64.78,27.198,1100.51,17.76,284.5,80.38,0,0.0,0.0,0.0
64.82,27.242,1102.15,17.69,283.7,80.38,0,0.0,0.0,0.0
64.86,27.285,1103.8,17.63,283.9,80.37,0,0.0,0.0,0.0
64.92,27.351,1106.28,17.53,284.3,80.37,0,0.0,0.0,0.0
64.98,27.416,1108.75,17.43,284.3,80.36,0,0.0,0.0,0.0
65.0,27.46,1110.41,17.36,284.2,80.36,0,0.0,0.0,0.0
65.06,27.504,1112.07,17.3,284.7,80.35,0,0.0,0.0,0.0
65.12,27.57,1114.57,17.2,284.5,80.35,0,0.0,0.0,0.0
65.18,27.636,1117.06,17.1,283.6,80.34,0,0.0,0.0,0.0
65.2,27.68,1118.73,17.03,284.1,80.33,0,0.0,0.0,0.0
65.28,27.746,1121.24,16.94,284.2,80.33,0,0.0,0.0,0.0
65.32,27.791,1122.92,16.87,284.0,80.32,0,0.0,0.0,0.0
65.38,27.857,1125.45,16.77,283.8,80.32,0,0.0,0.0,0.0
65.4,27.902,1127.13,16.71,284.6,80.31,0,0.0,0.0,0.0
65.48,27.968,1129.66,16.61,283.9,80.3,0,0.0,0.0,0.0
65.54,28.035,1132.2,16.51,284.0,80.3,0,0.0,0.0,0.0
65.58,28.08,1133.9,16.45,284.6,80.29,0,0.0,0.0,0.0
65.62,28.125,1135.6,16.38,284.2,80.29,0,0.0,0.0,0.0
65.68,28.192,1138.16,16.29,284.5,80.28,0,0.0,0.0,0.0
65.74,28.26,1140.72,16.19,284.6,80.27,0,0.0,0.0,0.0
65.78,28.305,1142.42,16.13,283.9,80.27,0,0.0,0.0,0.0
65.82,28.35,1144.14,16.06,284.2,80.27,0,0.0,0.0,0.0
65.88,28.418,1146.72,15.97,284.3,80.26,0,0.0,0.0,0.0
65.94,28.486,1149.3,15.87,284.9,80.25,0,0.0,0.0,0.0
65.96,28.508,1150.17,15.84,284.3,80.25,0,0.0,0.0,0.0
66.02,28.576,1152.75,15.74,283.9,80.24,0,0.0,0.0,0.0
66.08,28.645,1155.35,15.65,284.4,80.24,0,0.0,0.0,0.0
66.14,28.713,1157.96,15.55,284.5,80.23,0,0.0,0.0,0.0
66.16,28.759,1159.69,15.49,283.9,80.22,0,0.0,0.0,0.0
66.22,28.805,1161.44,15.43,284.8,80.22,0,0.0,0.0,0.0
66.28,28.873,1164.05,15.33,283.8,80.21,0,0.0,0.0,0.0
66.34,28.942,1166.68,15.24,284.5,80.21,0,0.0,0.0,0.0
66.36,28.965,1167.55,15.21,284.6,80.2,0,0.0,0.0,0.0
66.42,29.035,1170.18,15.11,284.0,80.2,0,0.0,0.0,0.0
66.48,29.104,1172.82,15.02,284.1,80.19,0,0.0,0.0,0.0
66.52,29.15,1174.58,14.96,284.4,80.19,0,0.0,0.0,0.0
66.58,29.22,1177.23,14.86,284.7,80.18,0,0.0,0.0,0.0
66.64,29.29,1179.89,14.77,284.4,80.17,0,0.0,0.0,0.0
66.68,29.336,1181.67,14.71,284.5,80.17,0,0.0,0.0,0.0
66.72,29.383,1183.45,14.65,284.7,80.16,0,0.0,0.0,0.0
66.78,29.453,1186.12,14.56,283.9,80.16,0,0.0,0.0,0.0
66.8,29.5,1187.9,14.49,284.7,80.15,0,0.0,0.0,0.0
66.86,29.547,1189.69,14.43,284.2,80.15,0,0.0,0.0,0.0
66.92,29.617,1192.38,14.34,284.1,80.14,0,0.0,0.0,0.0
66.98,29.688,1195.08,14.25,284.2,80.14,0,0.0,0.0,0.0
67.0,29.735,1196.88,14.19,284.8,80.13,0,0.0,0.0,0.0
67.08,29.806,1199.59,14.1,284.9,80.13,0,0.0,0.0,0.0
67.12,29.853,1201.41,14.04,285.1,80.12,0,0.0,0.0,0.0
67.18,29.924,1204.13,13.95,284.3,80.11,0,0.0,0.0,0.0
67.2,29.972,1205.94,13.89,284.8,80.11,0,0.0,0.0,0.0
67.28,30.043,1208.67,13.8,284.3,80.1,0,0.0,0.0,0.0
67.34,30.115,1211.41,13.71,284.4,80.1,0,0.0,0.0,0.0
67.38,30.163,1213.24,13.65,285.0,80.09,0,0.0,0.0,0.0
67.42,30.211,1215.07,13.59,284.1,80.09,0,0.0,0.0,0.0
67.48,30.283,1217.83,13.5,284.5,80.08,0,0.0,0.0,0.0
67.54,30.355,1220.58,13.41,284.1,80.08,0,0.0,0.0,0.0
67.56,30.403,1222.43,13.35,284.7,80.07,0,0.0,0.0,0.0
67.62,30.451,1224.28,13.29,285.2,80.07,0,0.0,0.0,0.0
67.68,30.524,1227.06,13.2,284.1,80.06,0,0.0,0.0,0.0
67.74,30.596,1229.84,13.11,283.9,80.05,0,0.0,0.0,0.0
67.76,30.621,1230.77,13.08,284.0,80.05,0,0.0,0.0,0.0
67.84,30.718,1234.49,12.97,284.1,80.04,0,0.0,0.0,0.0
67.88,30.767,1236.36,12.91,285.2,80.04,0,0.0,0.0,0.0
67.94,30.84,1239.17,12.82,283.8,80.03,0,0.0,0.0,0.0
67.96,30.864,1240.1,12.79,284.8,80.03,0,0.0,0.0,0.0
68.04,30.962,1243.87,12.68,284.4,80.02,0,0.0,0.0,0.0
68.06,31.011,1245.75,12.62,284.4,80.02,0,0.0,0.0,0.0
68.12,31.06,1247.64,12.56,284.8,80.01,0,0.0,0.0,0.0
68.18,31.134,1250.47,12.48,284.0,80.0,0,0.0,0.0,0.0
68.24,31.208,1253.31,12.39,284.2,80.0,0,0.0,0.0,0.0
68.26,31.258,1255.21,12.33,285.1,79.99,0,0.0,0.0,0.0
68.32,31.307,1257.11,12.28,284.0,79.99,0,0.0,0.0,0.0
68.38,31.382,1259.97,12.19,284.1,79.98,0,0.0,0.0,0.0
68.44,31.456,1262.83,12.11,284.6,79.98,0,0.0,0.0,0.0
68.46,31.481,1263.78,12.08,284.2,79.97,0,0.0,0.0,0.0
68.54,31.581,1267.62,11.97,284.7,79.96,0,0.0,0.0,0.0
68.58,31.631,1269.54,11.91,284.8,79.96,0,0.0,0.0,0.0
68.64,31.706,1272.43,11.83,285.0,79.95,0,0.0,0.0,0.0
68.68,31.757,1274.36,11.77,284.2,79.95,0,0.0,0.0,0.0
68.74,31.832,1277.26,11.69,285.1,79.94,0,0.0,0.0,0.0
68.8,31.908,1280.17,11.61,284.2,79.94,0,0.0,0.0,0.0
68.82,31.933,1281.14,11.58,284.8,79.93,0,0.0,0.0,0.0
68.88,32.009,1284.06,11.5,284.8,79.93,0,0.0,0.0,0.0
68.94,32.085,1286.99,11.41,285.1,79.92,0,0.0,0.0,0.0
69.0,32.161,1289.92,11.33,284.3,79.91,0,0.0,0.0,0.0
69.02,32.186,1290.9,11.31,284.9,79.91,0,0.0,0.0,0.0
69.08,32.263,1293.84,11.23,285.2,79.9,0,0.0,0.0,0.0
69.14,32.339,1296.79,11.15,284.7,79.9,0,0.0,0.0,0.0
69.16,32.391,1298.76,11.09,284.9,79.89,0,0.0,0.0,0.0
69.24,32.467,1301.72,11.01,283.9,79.89,0,0.0,0.0,0.0
69.28,32.519,1303.7,10.96,285.0,79.88,0,0.0,0.0,0.0
69.34,32.596,1306.67,10.88,284.2,79.88,0,0.0,0.0,0.0
69.36,32.648,1308.66,10.83,284.4,79.87,0,0.0,0.0,0.0
69.44,32.725,1311.65,10.75,284.9,79.86,0,0.0,0.0,0.0
69.5,32.803,1314.64,10.67,284.7,79.86,0,0.0,0.0,0.0
69.54,32.855,1316.64,10.62,285.1,79.85,0,0.0,0.0,0.0
69.58,32.906,1318.64,10.57,284.4,79.85,0,0.0,0.0,0.0
69.64,32.985,1321.66,10.49,285.3,79.84,0,0.0,0.0,0.0
69.7,33.063,1324.67,10.41,284.5,79.84,0,0.0,0.0,0.0
69.72,33.115,1326.69,10.36,284.6,79.83,0,0.0,0.0,0.0
69.78,33.167,1328.71,10.31,284.9,79.83,0,0.0,0.0,0.0
69.84,33.246,1331.75,10.24,284.9,79.82,0,0.0,0.0,0.0
69.86,33.299,1333.78,10.19,284.6,79.81,0,0.0,0.0,0.0
69.94,33.377,1336.82,10.11,284.5,79.81,0,0.0,0.0,0.0
69.98,33.43,1338.86,10.06,284.8,79.8,0,0.0,0.0,0.0
70.04,33.509,1341.92,9.99,284.9,79.8,0,0.0,0.0,0.0
70.08,33.562,1343.96,9.94,285.1,79.79,0,0.0,0.0,0.0
70.14,33.642,1347.03,9.86,284.6,79.79,0,0.0,0.0,0.0
70.16,33.695,1349.09,9.81,284.9,79.78,0,0.0,0.0,0.0
70.24,33.775,1352.17,9.74,285.2,79.77,0,0.0,0.0,0.0
70.28,33.828,1354.23,9.69,284.5,79.77,0,0.0,0.0,0.0
70.34,33.908,1357.33,9.62,284.9,79.76,0,0.0,0.0,0.0
70.36,33.962,1359.4,9.57,284.9,79.76,0,0.0,0.0,0.0
70.44,34.042,1362.51,9.5,285.3,79.75,0,0.0,0.0,0.0
70.5,34.123,1365.63,9.43,285.4,79.75,0,0.0,0.0,0.0
70.54,34.177,1367.71,9.38,284.8,79.74,0,0.0,0.0,0.0
70.58,34.231,1369.8,9.33,285.1,79.74,0,0.0,0.0,0.0
70.64,34.312,1372.93,9.26,284.8,79.73,0,0.0,0.0,0.0
70.7,34.393,1376.07,9.19,284.5,79.72,0,0.0,0.0,0.0
70.72,34.42,1377.12,9.17,285.6,79.72,0,0.0,0.0,0.0
70.78,34.502,1380.27,9.1,284.5,79.71,0,0.0,0.0,0.0
70.84,34.583,1383.43,9.03,285.5,79.71,0,0.0,0.0,0.0
70.86,34.638,1385.55,8.98,285.0,79.7,0,0.0,0.0,0.0
70.94,34.72,1388.72,8.91,284.2,79.7,0,0.0,0.0,0.0
70.98,34.775,1390.84,8.87,285.3,79.69,0,0.0,0.0,0.0
71.04,34.857,1394.03,8.8,285.0,79.69,0,0.0,0.0,0.0
71.08,34.912,1396.15,8.75,284.4,79.68,0,0.0,0.0,0.0
71.14,34.995,1399.35,8.68,285.3,79.67,0,0.0,0.0,0.0
71.2,35.077,1402.55,8.62,284.4,79.67,0,0.0,0.0,0.0
71.22,35.133,1404.69,8.57,285.2,79.66,0,0.0,0.0,0.0
71.28,35.188,1406.83,8.53,284.5,79.66,0,0.0,0.0,0.0
71.34,35.271,1410.06,8.46,284.9,79.65,0,0.0,0.0,0.0
71.4,35.355,1413.29,8.39,284.9,79.65,0,0.0,0.0,0.0
71.42,35.383,1414.36,8.37,284.5,79.64,0,0.0,0.0,0.0
71.48,35.466,1417.6,8.3,284.6,79.64,0,0.0,0.0,0.0
71.54,35.55,1420.84,8.24,284.7,79.63,0,0.0,0.0,0.0
71.56,35.578,1421.93,8.22,284.6,79.63,0,0.0,0.0,0.0
71.64,35.69,1426.27,8.13,284.4,79.62,0,0.0,0.0,0.0
71.66,35.747,1428.45,8.09,285.1,79.62,0,0.0,0.0,0.0
71.72,35.803,1430.62,8.04,284.2,79.61,0,0.0,0.0,0.0
71.78,35.888,1433.9,7.98,284.7,79.61,0,0.0,0.0,0.0
71.84,35.972,1437.19,7.91,285.0,79.6,0,0.0,0.0,0.0
71.86,36.029,1439.38,7.87,284.1,79.59,0,0.0,0.0,0.0
71.92,36.086,1441.57,7.83,284.2,79.59,0,0.0,0.0,0.0
71.98,36.171,1444.87,7.77,285.2,79.58,0,0.0,0.0,0.0
72.04,36.257,1448.18,7.7,284.4,79.58,0,0.0,0.0,0.0
72.06,36.314,1450.39,7.66,284.4,79.57,0,0.0,0.0,0.0
72.14,36.4,1453.71,7.6,284.5,79.57,0,0.0,0.0,0.0
72.18,36.457,1455.92,7.56,284.1,79.56,0,0.0,0.0,0.0
72.24,36.543,1459.25,7.49,284.3,79.56,0,0.0,0.0,0.0
72.28,36.6,1461.48,7.45,284.9,79.55,0,0.0,0.0,0.0
72.34,36.687,1464.82,7.39,285.2,79.54,0,0.0,0.0,0.0
72.4,36.774,1468.18,7.33,285.0,79.54,0,0.0,0.0,0.0
72.44,36.831,1470.42,7.29,284.7,79.53,0,0.0,0.0,0.0
72.48,36.889,1472.66,7.25,284.4,79.53,0,0.0,0.0,0.0
72.54,36.977,1476.03,7.19,284.8,79.52,0,0.0,0.0,0.0
72.6,37.064,1479.41,7.13,284.3,79.52,0,0.0,0.0,0.0
72.62,37.093,1480.54,7.11,284.1,79.51,0,0.0,0.0,0.0
72.68,37.181,1483.93,7.05,284.5,79.51,0,0.0,0.0,0.0
72.74,37.268,1487.32,6.99,284.1,79.5,0,0.0,0.0,0.0
72.8,37.356,1490.73,6.93,285.0,79.49,0,0.0,0.0,0.0
72.82,37.386,1491.87,6.92,284.5,79.49,0,0.0,0.0,0.0
72.88,37.474,1495.3,6.86,285.0,79.49,0,0.0,0.0,0.0
72.94,37.562,1498.73,6.8,284.8,79.48,0,0.0,0.0,0.0
72.96,37.621,1501.02,6.76,284.6,79.47,0,0.0,0.0,0.0
73.04,37.71,1504.47,6.71,285.5,79.47,0,0.0,0.0,0.0
73.1,37.799,1507.92,6.65,285.0,79.46,0,0.0,0.0,0.0
73.14,37.859,1510.22,6.61,285.3,79.46,0,0.0,0.0,0.0
73.18,37.918,1512.53,6.57,284.5,79.45,0,0.0,0.0,0.0
73.24,38.008,1516.01,6.52,284.5,79.45,0,0.0,0.0,0.0
73.3,38.097,1519.48,6.46,284.1,79.44,0,0.0,0.0,0.0
73.32,38.157,1521.8,6.43,284.3,79.43,0,0.0,0.0,0.0
73.38,38.217,1524.13,6.39,284.5,79.43,0,0.0,0.0,0.0
73.44,38.307,1527.63,6.34,284.2,79.42,0,0.0,0.0,0.0
73.5,38.398,1531.13,6.28,285.2,79.42,0,0.0,0.0,0.0
73.52,38.458,1533.48,6.25,285.4,79.41,0,0.0,0.0,0.0
73.58,38.518,1535.82,6.21,285.2,79.41,0,0.0,0.0,0.0
73.64,38.609,1539.35,6.16,285.1,79.4,0,0.0,0.0,0.0
73.7,38.7,1542.89,6.11,285.2,79.39,0,0.0,0.0,0.0
73.72,38.731,1544.07,6.09,285.3,79.39,0,0.0,0.0,0.0
73.8,38.852,1548.8,6.02,285.0,79.38,0,0.0,0.0,0.0
73.84,38.913,1551.18,5.98,284.6,79.38,0,0.0,0.0,0.0
73.9,39.005,1554.74,5.93,284.4,79.37,0,0.0,0.0,0.0
73.92,39.036,1555.92,5.92,284.4,79.37,0,0.0,0.0,0.0
74.0,39.158,1560.69,5.85,284.6,79.36,0,0.0,0.0,0.0
74.06,39.251,1564.28,5.8,285.5,79.35,0,0.0,0.0,0.0
74.08,39.282,1565.48,5.78,285.6,79.35,0,0.0,0.0,0.0
74.14,39.374,1569.08,5.73,285.1,79.35,0,0.0,0.0,0.0
74.2,39.467,1572.68,5.68,284.2,79.34,0,0.0,0.0,0.0
74.22,39.529,1575.09,5.65,285.0,79.33,0,0.0,0.0,0.0
74.28,39.591,1577.5,5.61,285.2,79.33,0,0.0,0.0,0.0
74.34,39.684,1581.13,5.56,284.9,79.32,0,0.0,0.0,0.0
74.4,39.778,1584.76,5.52,284.6,79.32,0,0.0,0.0,0.0
74.42,39.84,1587.19,5.48,284.5,79.31,0,0.0,0.0,0.0
74.48,39.903,1589.63,5.45,285.2,79.31,0,0.0,0.0,0.0
74.54,39.997,1593.29,5.4,284.7,79.3,0,0.0,0.0,0.0
74.6,40.091,1596.95,5.35,285.0,79.29,0,0.0,0.0,0.0
74.62,40.154,1599.4,5.32,285.0,79.29,0,0.0,0.0,0.0
74.7,40.248,1603.08,5.28,284.7,79.28,0,0.0,0.0,0.0
74.74,40.311,1602.62,5.24,0.0,79.28,0,0.0,0.0,0.0
74.8,40.406,1601.94,5.19,0.0,79.27,0,0.0,0.0,0.0
74.84,40.469,1601.49,5.15,0.0,79.27,0,0.0,0.0,0.0
74.9,40.563,1600.82,5.09,0.0,79.26,0,0.0,0.0,0.0
74.96,40.658,1600.14,5.02,0.0,79.25,0,0.0,0.0,0.0
74.98,40.689,1599.92,4.99,0.0,79.25,0,0.0,0.0,0.0
75.04,40.784,1599.25,4.92,0.0,79.24,0,0.0,0.0,0.0
75.1,40.878,1598.58,4.85,0.0,79.23,0,0.0,0.0,0.0
75.12,40.941,1598.13,4.8,0.0,79.23,0,0.0,0.0,0.0
75.2,41.035,1597.46,4.74,0.0,79.22,0,0.0,0.0,0.0
75.24,41.098,1597.02,4.69,0.0,79.22,0,0.0,0.0,0.0
75.3,41.192,1596.35,4.62,0.0,79.21,0,0.0,0.0,0.0
75.32,41.255,1595.91,4.58,0.0,79.21,0,0.0,0.0,0.0
75.4,41.349,1595.24,4.52,0.0,79.2,0,0.0,0.0,0.0
75.46,41.443,1594.58,4.45,0.0,79.19,0,0.0,0.0,0.0
75.48,41.506,1594.14,4.41,0.0,79.19,0,0.0,0.0,0.0
75.54,41.569,1593.7,4.37,0.0,79.18,0,0.0,0.0,0.0
75.6,41.663,1593.04,4.31,0.0,79.17,0,0.0,0.0,0.0
75.66,41.757,1592.38,4.25,0.0,79.17,0,0.0,0.0,0.0
75.68,41.788,1592.16,4.23,0.0,79.17,0,0.0,0.0,0.0
75.74,41.882,1591.5,4.17,0.0,79.16,0,0.0,0.0,0.0
75.8,41.976,1590.85,4.11,0.0,79.15,0,0.0,0.0,0.0
75.86,42.07,1590.19,4.05,0.0,79.14,0,0.0,0.0,0.0
75.88,42.132,1589.76,4.01,0.0,79.14,0,0.0,0.0,0.0
75.94,42.195,1589.32,3.97,0.0,79.13,0,0.0,0.0,0.0
76.0,42.289,1588.67,3.92,0.0,79.13,0,0.0,0.0,0.0
76.06,42.382,1588.02,3.86,0.0,79.12,0,0.0,0.0,0.0
76.08,42.445,1587.59,3.83,0.0,79.12,0,0.0,0.0,0.0
76.14,42.507,1587.15,3.79,0.0,79.11,0,0.0,0.0,0.0
76.22,42.632,1586.29,3.72,0.0,79.1,0,0.0,0.0,0.0
76.24,42.663,1586.08,3.7,0.0,79.1,0,0.0,0.0,0.0
76.3,42.757,1585.43,3.65,0.0,79.1,0,0.0,0.0,0.0
76.36,42.851,1584.78,3.6,0.0,79.09,0,0.0,0.0,0.0
76.42,42.944,1584.14,3.55,0.0,79.08,0,0.0,0.0,0.0
76.44,42.975,1583.93,3.54,0.0,79.08,0,0.0,0.0,0.0
76.5,43.069,1583.28,3.49,0.0,79.08,0,0.0,0.0,0.0
76.56,43.162,1582.64,3.44,0.0,79.07,0,0.0,0.0,0.0
76.62,43.255,1582.0,3.39,0.0,79.06,0,0.0,0.0,0.0
76.64,43.286,1581.79,3.38,0.0,79.06,0,0.0,0.0,0.0
76.7,43.38,1581.15,3.33,0.0,79.06,0,0.0,0.0,0.0
